jid,filename,formula,family,split,target_eV_per_atom,prediction_eV_per_atom,canonical_abs_error_eV_per_atom,error_group,embedding_source,embedding_index,embedding_dim,n_oxide_reference,k_oxide_neighbors,oxide_centroid_distance,oxide_knn5_mean_distance,oxide_mahalanobis_lw_distance,mahalanobis_status,mahalanobis_condition_number,mahalanobis_shrinkage,error_authority,embedding_authority
JVASP-14575,POSCAR-JVASP-14575.vasp,CeN,nitride,test,-1.6679200000000001,-1.6906524896621704,0.022732489662170299,middle_60pct,last_alignn_pool,1484,256,13507,5,6.0571556187421463,4.5326262466543152,38.17864638957758,computed_ledoit_wolf_stable,3145.4176767010622,0.0006563927738960449,results/zero_shot/nitride/predictions.csv,results/embeddings/embeddings/test_set/structure_embeddings.npz
JVASP-85272,POSCAR-JVASP-85272.vasp,C3N4,nitride,test,0.63388,0.41454017162322998,0.21933982837676999,hard_top_20pct,last_alignn_pool,1485,256,13507,5,9.0152707507781678,4.9625713839473118,42.644013520475426,computed_ledoit_wolf_stable,3145.4176767010622,0.0006563927738960449,results/zero_shot/nitride/predictions.csv,results/embeddings/embeddings/test_set/structure_embeddings.npz
JVASP-85366,POSCAR-JVASP-85366.vasp,K2FeCuC6N6,nitride,test,-0.067049999999999998,-0.0692439004778862,0.0021939004778862002,easy_bottom_20pct,last_alignn_pool,1486,256,13507,5,6.9774440077997983,3.4774015914944529,28.56057968445305,computed_ledoit_wolf_stable,3145.4176767010622,0.0006563927738960449,results/zero_shot/nitride/predictions.csv,results/embeddings/embeddings/test_set/structure_embeddings.npz
JVASP-88718,POSCAR-JVASP-88718.vasp,RbBiC4S4N4,nitride,test,-0.039800000000000002,-0.049245402216911302,0.0094454022169113,middle_60pct,last_alignn_pool,1487,256,13507,5,6.3642372681432349,3.3351899856231313,28.632733138191085,computed_ledoit_wolf_stable,3145.4176767010622,0.0006563927738960449,results/zero_shot/nitride/predictions.csv,results/embeddings/embeddings/test_set/structure_embeddings.npz
JVASP-90346,POSCAR-JVASP-90346.vasp,CoI2N6,nitride,test,2.3458800000000002,2.479517936706543,0.1336379367065427,hard_top_20pct,last_alignn_pool,1488,256,13507,5,9.6031338573546297,5.3028609203946875,46.36369749609446,computed_ledoit_wolf_stable,3145.4176767010622,0.0006563927738960449,results/zero_shot/nitride/predictions.csv,results/embeddings/embeddings/test_set/structure_embeddings.npz
JVASP-85471,POSCAR-JVASP-85471.vasp,AgC2N3,nitride,test,0.38167000000000001,0.40804728865623469,0.026377288656234701,middle_60pct,last_alignn_pool,1489,256,13507,5,8.4581870552148288,3.7158887101167402,35.863019355271682,computed_ledoit_wolf_stable,3145.4176767010622,0.0006563927738960449,results/zero_shot/nitride/predictions.csv,results/embeddings/embeddings/test_set/structure_embeddings.npz
JVASP-91752,POSCAR-JVASP-91752.vasp,BC2N,nitride,test,-0.086249999999999993,0.24256044626235959,0.32881044626235961,hard_top_20pct,last_alignn_pool,1490,256,13507,5,8.5105825477048445,4.5929512046430823,38.264067597367273,computed_ledoit_wolf_stable,3145.4176767010622,0.0006563927738960449,results/zero_shot/nitride/predictions.csv,results/embeddings/embeddings/test_set/structure_embeddings.npz
JVASP-54353,POSCAR-JVASP-54353.vasp,RuN2,nitride,test,0.22176999999999999,0.22642850875854489,0.0046585087585449001,easy_bottom_20pct,last_alignn_pool,1491,256,13507,5,8.1293778066819531,4.9978080914012288,43.633637526946877,computed_ledoit_wolf_stable,3145.4176767010622,0.0006563927738960449,results/zero_shot/nitride/predictions.csv,results/embeddings/embeddings/test_set/structure_embeddings.npz
JVASP-97661,POSCAR-JVASP-97661.vasp,SiBHC3NCl2,nitride,test,-0.025610000000000001,-0.2292778491973877,0.2036678491973877,hard_top_20pct,last_alignn_pool,1492,256,13507,5,5.9402402072681095,2.9419749476375161,23.979391806346051,computed_ledoit_wolf_stable,3145.4176767010622,0.0006563927738960449,results/zero_shot/nitride/predictions.csv,results/embeddings/embeddings/test_set/structure_embeddings.npz
JVASP-86049,POSCAR-JVASP-86049.vasp,RhN2,nitride,test,0.22350999999999999,0.2244093120098114,0.00089931200981140005,easy_bottom_20pct,last_alignn_pool,1493,256,13507,5,8.3095100981802936,5.257401859991921,46.459349459095463,computed_ledoit_wolf_stable,3145.4176767010622,0.0006563927738960449,results/zero_shot/nitride/predictions.csv,results/embeddings/embeddings/test_set/structure_embeddings.npz
JVASP-91533,POSCAR-JVASP-91533.vasp,CaNiBN,nitride,test,-1.0192699999999999,-0.96893024444580078,0.050339755554199103,middle_60pct,last_alignn_pool,1494,256,13507,5,5.3489344754391528,3.9380632603481258,29.926985022189999,computed_ledoit_wolf_stable,3145.4176767010622,0.0006563927738960449,results/zero_shot/nitride/predictions.csv,results/embeddings/embeddings/test_set/structure_embeddings.npz
JVASP-1363,POSCAR-JVASP-1363.vasp,TmN,nitride,test,-2.0493700000000001,-2.0364775657653809,0.0128924342346192,middle_60pct,last_alignn_pool,1495,256,13507,5,5.8067533434252043,3.9319969781904462,36.164922959052902,computed_ledoit_wolf_stable,3145.4176767010622,0.0006563927738960449,results/zero_shot/nitride/predictions.csv,results/embeddings/embeddings/test_set/structure_embeddings.npz
JVASP-92165,POSCAR-JVASP-92165.vasp,Nd2BiN,nitride,test,-1.2716099999999999,-1.2630574703216553,0.0085525296783446007,easy_bottom_20pct,last_alignn_pool,1496,256,13507,5,5.3359921570487936,3.9604316207807444,31.607745678662827,computed_ledoit_wolf_stable,3145.4176767010622,0.0006563927738960449,results/zero_shot/nitride/predictions.csv,results/embeddings/embeddings/test_set/structure_embeddings.npz
JVASP-62906,POSCAR-JVASP-62906.vasp,BN,nitride,test,-1.24634,-1.2527101039886477,0.0063701039886474003,easy_bottom_20pct,last_alignn_pool,1497,256,13507,5,6.6837258481182378,4.5645509715925421,36.939641560424626,computed_ledoit_wolf_stable,3145.4176767010622,0.0006563927738960449,results/zero_shot/nitride/predictions.csv,results/embeddings/embeddings/test_set/structure_embeddings.npz
JVASP-18578,POSCAR-JVASP-18578.vasp,Sr2AuN,nitride,test,-0.82599,-0.82782703638076782,0.0018370363807677999,easy_bottom_20pct,last_alignn_pool,1498,256,13507,5,5.416260984406648,4.0735437926403524,33.923613356455057,computed_ledoit_wolf_stable,3145.4176767010622,0.0006563927738960449,results/zero_shot/nitride/predictions.csv,results/embeddings/embeddings/test_set/structure_embeddings.npz
JVASP-98154,POSCAR-JVASP-98154.vasp,BH2NCl2,nitride,test,-0.83743999999999996,-0.81939476728439331,0.0180452327156066,middle_60pct,last_alignn_pool,1499,256,13507,5,5.1687685588905543,2.844706374907382,22.558861050529845,computed_ledoit_wolf_stable,3145.4176767010622,0.0006563927738960449,results/zero_shot/nitride/predictions.csv,results/embeddings/embeddings/test_set/structure_embeddings.npz
JVASP-62778,POSCAR-JVASP-62778.vasp,BN,nitride,test,-1.38442,-1.3907662630081177,0.0063462630081175999,easy_bottom_20pct,last_alignn_pool,1500,256,13507,5,6.8031629206214088,4.6694171324496283,38.602167788086398,computed_ledoit_wolf_stable,3145.4176767010622,0.0006563927738960449,results/zero_shot/nitride/predictions.csv,results/embeddings/embeddings/test_set/structure_embeddings.npz
JVASP-86297,POSCAR-JVASP-86297.vasp,HgC2Se2N2,nitride,test,0.43883,0.43466615676879877,0.0041638432312011003,easy_bottom_20pct,last_alignn_pool,1501,256,13507,5,7.5576847323794372,3.572697150508708,27.941714114248864,computed_ledoit_wolf_stable,3145.4176767010622,0.0006563927738960449,results/zero_shot/nitride/predictions.csv,results/embeddings/embeddings/test_set/structure_embeddings.npz
JVASP-88943,POSCAR-JVASP-88943.vasp,Ba3LiN,nitride,test,-0.32322000000000001,-0.30039462447166437,0.022825375528335499,middle_60pct,last_alignn_pool,1502,256,13507,5,6.9917439680591533,5.0602063963848751,41.962786353182082,computed_ledoit_wolf_stable,3145.4176767010622,0.0006563927738960449,results/zero_shot/nitride/predictions.csv,results/embeddings/embeddings/test_set/structure_embeddings.npz
JVASP-91637,POSCAR-JVASP-91637.vasp,AsNF6,nitride,test,-0.96825000000000006,-0.97713989019393921,0.0088898901939391001,middle_60pct,last_alignn_pool,1503,256,13507,5,5.1266153407792228,3.3375919312116933,26.701054266334268,computed_ledoit_wolf_stable,3145.4176767010622,0.0006563927738960449,results/zero_shot/nitride/predictions.csv,results/embeddings/embeddings/test_set/structure_embeddings.npz
JVASP-90886,POSCAR-JVASP-90886.vasp,InSiCN,nitride,test,-0.10663,-0.098840430378913796,0.0077895696210860997,easy_bottom_20pct,last_alignn_pool,1504,256,13507,5,6.7810250990749559,4.1922784433656188,36.462260117380325,computed_ledoit_wolf_stable,3145.4176767010622,0.0006563927738960449,results/zero_shot/nitride/predictions.csv,results/embeddings/embeddings/test_set/structure_embeddings.npz
JVASP-63657,POSCAR-JVASP-63657.vasp,BN,nitride,test,-1.19661,-1.2008451223373413,0.0042351223373412999,easy_bottom_20pct,last_alignn_pool,1505,256,13507,5,6.7718508412294645,4.630545839641627,37.247916251791644,computed_ledoit_wolf_stable,3145.4176767010622,0.0006563927738960449,results/zero_shot/nitride/predictions.csv,results/embeddings/embeddings/test_set/structure_embeddings.npz
JVASP-89538,POSCAR-JVASP-89538.vasp,HgH8C2Br3N,nitride,test,-0.31091999999999997,-0.30226188898086548,0.0086581110191344002,easy_bottom_20pct,last_alignn_pool,1506,256,13507,5,5.8896969111486932,2.2168395233266867,18.635930986892475,computed_ledoit_wolf_stable,3145.4176767010622,0.0006563927738960449,results/zero_shot/nitride/predictions.csv,results/embeddings/embeddings/test_set/structure_embeddings.npz
JVASP-63271,POSCAR-JVASP-63271.vasp,KAuC2N2,nitride,test,-0.14138000000000001,-0.074750624597072601,0.066629375402927404,middle_60pct,last_alignn_pool,1507,256,13507,5,7.0176951662995997,3.9779780175350177,31.768331082956937,computed_ledoit_wolf_stable,3145.4176767010622,0.0006563927738960449,results/zero_shot/nitride/predictions.csv,results/embeddings/embeddings/test_set/structure_embeddings.npz
JVASP-88465,POSCAR-JVASP-88465.vasp,AsS3N2F6,nitride,test,-1.1287100000000001,-1.105085015296936,0.023624984703064001,middle_60pct,last_alignn_pool,1508,256,13507,5,4.7618809243987643,2.8011165805487179,20.08006019474406,computed_ledoit_wolf_stable,3145.4176767010622,0.0006563927738960449,results/zero_shot/nitride/predictions.csv,results/embeddings/embeddings/test_set/structure_embeddings.npz
JVASP-88321,POSCAR-JVASP-88321.vasp,BH5CSN2,nitride,test,-0.23587,-0.23511034250259399,0.00075965749740600002,easy_bottom_20pct,last_alignn_pool,1509,256,13507,5,6.1211116392753127,2.2749052013052209,19.095285153079839,computed_ledoit_wolf_stable,3145.4176767010622,0.0006563927738960449,results/zero_shot/nitride/predictions.csv,results/embeddings/embeddings/test_set/structure_embeddings.npz
JVASP-86715,POSCAR-JVASP-86715.vasp,Ca4TiN4,nitride,test,-1.3851800000000001,-1.3853230476379397,0.00014304763793930001,easy_bottom_20pct,last_alignn_pool,1510,256,13507,5,5.3018566667009237,3.2397109200474374,28.354319721897774,computed_ledoit_wolf_stable,3145.4176767010622,0.0006563927738960449,results/zero_shot/nitride/predictions.csv,results/embeddings/embeddings/test_set/structure_embeddings.npz
JVASP-18441,POSCAR-JVASP-18441.vasp,U2BiN2,nitride,test,-1.2621100000000001,-1.2479716539382937,0.014138346061706599,middle_60pct,last_alignn_pool,1511,256,13507,5,5.5598683118441077,4.257652933576658,36.002708116540873,computed_ledoit_wolf_stable,3145.4176767010622,0.0006563927738960449,results/zero_shot/nitride/predictions.csv,results/embeddings/embeddings/test_set/structure_embeddings.npz
JVASP-49789,POSCAR-JVASP-49789.vasp,Zr3N4,nitride,test,-1.71994,-1.7944343090057373,0.074494309005737197,middle_60pct,last_alignn_pool,1512,256,13507,5,5.8263765055367749,3.270150460077347,35.884852509827859,computed_ledoit_wolf_stable,3145.4176767010622,0.0006563927738960449,results/zero_shot/nitride/predictions.csv,results/embeddings/embeddings/test_set/structure_embeddings.npz
JVASP-92554,POSCAR-JVASP-92554.vasp,HgN2Cl2,nitride,test,1.80339,1.6717082262039185,0.13168177379608159,hard_top_20pct,last_alignn_pool,1513,256,13507,5,8.0987750105926857,4.9065880521509886,34.149102382679011,computed_ledoit_wolf_stable,3145.4176767010622,0.0006563927738960449,results/zero_shot/nitride/predictions.csv,results/embeddings/embeddings/test_set/structure_embeddings.npz
JVASP-15783,POSCAR-JVASP-15783.vasp,CaGaN,nitride,test,-0.89132999999999996,-0.90509063005447399,0.0137606300544739,middle_60pct,last_alignn_pool,1514,256,13507,5,5.2094176901552682,3.6624872988746504,27.431775317865984,computed_ledoit_wolf_stable,3145.4176767010622,0.0006563927738960449,results/zero_shot/nitride/predictions.csv,results/embeddings/embeddings/test_set/structure_embeddings.npz
JVASP-4849,POSCAR-JVASP-4849.vasp,AlN,nitride,test,-1.52261,-1.3524852991104126,0.17012470088958739,hard_top_20pct,last_alignn_pool,1515,256,13507,5,5.8041990499286022,3.3734007577088052,32.389540241262083,computed_ledoit_wolf_stable,3145.4176767010622,0.0006563927738960449,results/zero_shot/nitride/predictions.csv,results/embeddings/embeddings/test_set/structure_embeddings.npz
JVASP-85784,POSCAR-JVASP-85784.vasp,TiH8N2F6,nitride,test,-1.7032700000000001,-1.7055418491363523,0.0022718491363524001,easy_bottom_20pct,last_alignn_pool,1516,256,13507,5,3.8088294641020006,2.3008931521492109,21.230182033789344,computed_ledoit_wolf_stable,3145.4176767010622,0.0006563927738960449,results/zero_shot/nitride/predictions.csv,results/embeddings/embeddings/test_set/structure_embeddings.npz
JVASP-18491,POSCAR-JVASP-18491.vasp,Sc2NCl2,nitride,test,-2.1474799999999998,-2.1331551074981689,0.0143248925018308,middle_60pct,last_alignn_pool,1517,256,13507,5,5.2528240858906781,4.0259808079948156,29.008309594698268,computed_ledoit_wolf_stable,3145.4176767010622,0.0006563927738960449,results/zero_shot/nitride/predictions.csv,results/embeddings/embeddings/test_set/structure_embeddings.npz
JVASP-92646,POSCAR-JVASP-92646.vasp,MnNF3,nitride,test,-0.1633,-0.31500402092933649,0.15170402092933649,hard_top_20pct,last_alignn_pool,1518,256,13507,5,5.3252052275317441,4.8849773659367193,31.835701072730679,computed_ledoit_wolf_stable,3145.4176767010622,0.0006563927738960449,results/zero_shot/nitride/predictions.csv,results/embeddings/embeddings/test_set/structure_embeddings.npz
JVASP-14972,POSCAR-JVASP-14972.vasp,NpN,nitride,test,-1.4809300000000001,-1.6360955238342283,0.15516552383422841,hard_top_20pct,last_alignn_pool,1519,256,13507,5,5.6488307649609997,4.0726081505907956,38.51792523564874,computed_ledoit_wolf_stable,3145.4176767010622,0.0006563927738960449,results/zero_shot/nitride/predictions.csv,results/embeddings/embeddings/test_set/structure_embeddings.npz
JVASP-94922,POSCAR-JVASP-94922.vasp,PdBr4N2,nitride,test,1.3949499999999999,1.3088448047637939,0.086105195236205898,middle_60pct,last_alignn_pool,1520,256,13507,5,8.1525608473174511,4.8255611631633686,35.655398205628167,computed_ledoit_wolf_stable,3145.4176767010622,0.0006563927738960449,results/zero_shot/nitride/predictions.csv,results/embeddings/embeddings/test_set/structure_embeddings.npz
JVASP-92660,POSCAR-JVASP-92660.vasp,Ce2SeN2,nitride,test,-1.79958,-1.8456063270568848,0.046026327056884801,middle_60pct,last_alignn_pool,1521,256,13507,5,5.1085513296659055,3.8247336151307123,28.180768335192891,computed_ledoit_wolf_stable,3145.4176767010622,0.0006563927738960449,results/zero_shot/nitride/predictions.csv,results/embeddings/embeddings/test_set/structure_embeddings.npz
JVASP-106069,POSCAR-JVASP-106069.vasp,Hf3N2,nitride,test,-1.6086100000000001,-1.68113112449646,0.072521124496459796,middle_60pct,last_alignn_pool,1522,256,13507,5,6.7833521410647171,3.97018190107823,38.935922854374233,computed_ledoit_wolf_stable,3145.4176767010622,0.0006563927738960449,results/zero_shot/nitride/predictions.csv,results/embeddings/embeddings/test_set/structure_embeddings.npz
JVASP-14666,POSCAR-JVASP-14666.vasp,PrN,nitride,test,-1.4956700000000001,-1.4086335897445681,0.087036410255432101,middle_60pct,last_alignn_pool,1523,256,13507,5,5.8892456430342435,4.2125241231851493,37.963245062356386,computed_ledoit_wolf_stable,3145.4176767010622,0.0006563927738960449,results/zero_shot/nitride/predictions.csv,results/embeddings/embeddings/test_set/structure_embeddings.npz
JVASP-93793,POSCAR-JVASP-93793.vasp,KCN,nitride,test,-0.40584999999999999,-0.36346375942230219,0.042386240577697701,middle_60pct,last_alignn_pool,1524,256,13507,5,6.8099133316627549,4.3759325318724613,34.768268825863451,computed_ledoit_wolf_stable,3145.4176767010622,0.0006563927738960449,results/zero_shot/nitride/predictions.csv,results/embeddings/embeddings/test_set/structure_embeddings.npz
JVASP-15198,POSCAR-JVASP-15198.vasp,UTeN,nitride,test,-1.35005,-1.3357573747634888,0.014292625236511199,middle_60pct,last_alignn_pool,1525,256,13507,5,5.0193329803056717,4.1258023918743616,31.143167001164748,computed_ledoit_wolf_stable,3145.4176767010622,0.0006563927738960449,results/zero_shot/nitride/predictions.csv,results/embeddings/embeddings/test_set/structure_embeddings.npz
JVASP-99359,POSCAR-JVASP-99359.vasp,PSN9,nitride,test,0.52341000000000004,0.38008812069892878,0.14332187930107121,hard_top_20pct,last_alignn_pool,1526,256,13507,5,8.9716616843077173,4.6810964945957938,40.413380222890169,computed_ledoit_wolf_stable,3145.4176767010622,0.0006563927738960449,results/zero_shot/nitride/predictions.csv,results/embeddings/embeddings/test_set/structure_embeddings.npz
JVASP-95288,POSCAR-JVASP-95288.vasp,SrC2S2N2,nitride,test,-0.56740999999999997,-0.55560511350631714,0.0118048864936828,middle_60pct,last_alignn_pool,1527,256,13507,5,5.5210586717409473,3.9019964337274842,29.627930565325531,computed_ledoit_wolf_stable,3145.4176767010622,0.0006563927738960449,results/zero_shot/nitride/predictions.csv,results/embeddings/embeddings/test_set/structure_embeddings.npz
JVASP-99944,POSCAR-JVASP-99944.vasp,NbVCN,nitride,test,-0.78417000000000003,-0.79913455247879028,0.014964552478790199,middle_60pct,last_alignn_pool,1528,256,13507,5,6.4862324929935822,4.521721009590185,33.37688841149663,computed_ledoit_wolf_stable,3145.4176767010622,0.0006563927738960449,results/zero_shot/nitride/predictions.csv,results/embeddings/embeddings/test_set/structure_embeddings.npz
JVASP-94316,POSCAR-JVASP-94316.vasp,MoN2,nitride,test,-0.061449999999999998,0.1608669757843017,0.22231697578430171,hard_top_20pct,last_alignn_pool,1529,256,13507,5,7.9993626305731285,5.4138545968461571,47.09202933102339,computed_ledoit_wolf_stable,3145.4176767010622,0.0006563927738960449,results/zero_shot/nitride/predictions.csv,results/embeddings/embeddings/test_set/structure_embeddings.npz
JVASP-94956,POSCAR-JVASP-94956.vasp,Ni4N3,nitride,test,0.316,0.36227884888648981,0.046278848886489803,middle_60pct,last_alignn_pool,1530,256,13507,5,7.5861530846299479,4.7637333328372717,32.626834035719618,computed_ledoit_wolf_stable,3145.4176767010622,0.0006563927738960449,results/zero_shot/nitride/predictions.csv,results/embeddings/embeddings/test_set/structure_embeddings.npz
JVASP-92631,POSCAR-JVASP-92631.vasp,CdBr2N2,nitride,test,1.5486,1.5110805034637451,0.037519496536254797,middle_60pct,last_alignn_pool,1531,256,13507,5,7.5275847029228071,4.7428469237922153,32.740280206803391,computed_ledoit_wolf_stable,3145.4176767010622,0.0006563927738960449,results/zero_shot/nitride/predictions.csv,results/embeddings/embeddings/test_set/structure_embeddings.npz
JVASP-55156,POSCAR-JVASP-55156.vasp,Fe3RhN,nitride,test,-0.10539,-0.14063718914985651,0.0352471891498565,middle_60pct,last_alignn_pool,1532,256,13507,5,7.5292998937972921,5.4433618235294308,45.199524754639008,computed_ledoit_wolf_stable,3145.4176767010622,0.0006563927738960449,results/zero_shot/nitride/predictions.csv,results/embeddings/embeddings/test_set/structure_embeddings.npz
JVASP-93311,POSCAR-JVASP-93311.vasp,NaZnN,nitride,test,-0.11702,-0.19417783617973319,0.077157836179733194,middle_60pct,last_alignn_pool,1533,256,13507,5,6.2726263594901379,4.3725552529396268,29.746886619844648,computed_ledoit_wolf_stable,3145.4176767010622,0.0006563927738960449,results/zero_shot/nitride/predictions.csv,results/embeddings/embeddings/test_set/structure_embeddings.npz
JVASP-101445,POSCAR-JVASP-101445.vasp,YThN2,nitride,test,-1.8452,-1.8483108282089231,0.0031108282089233,easy_bottom_20pct,last_alignn_pool,1534,256,13507,5,5.5729580386499284,4.0744688761202905,38.718611482469811,computed_ledoit_wolf_stable,3145.4176767010622,0.0006563927738960449,results/zero_shot/nitride/predictions.csv,results/embeddings/embeddings/test_set/structure_embeddings.npz
JVASP-15120,POSCAR-JVASP-15120.vasp,Cr3GaN,nitride,test,-0.29609000000000002,-0.33494555950164789,0.038855559501647902,middle_60pct,last_alignn_pool,1535,256,13507,5,7.0106438109882987,5.2495442881560805,42.48811705797263,computed_ledoit_wolf_stable,3145.4176767010622,0.0006563927738960449,results/zero_shot/nitride/predictions.csv,results/embeddings/embeddings/test_set/structure_embeddings.npz
JVASP-99410,POSCAR-JVASP-99410.vasp,Y4S3N2,nitride,test,-2.1551800000000001,-2.1345739364624023,0.0206060635375977,middle_60pct,last_alignn_pool,1536,256,13507,5,4.8886956090025961,3.2483419126290252,25.318982515984278,computed_ledoit_wolf_stable,3145.4176767010622,0.0006563927738960449,results/zero_shot/nitride/predictions.csv,results/embeddings/embeddings/test_set/structure_embeddings.npz
JVASP-103049,POSCAR-JVASP-103049.vasp,Ta4N3,nitride,test,-1.0542800000000001,-1.0261120796203611,0.028167920379638701,middle_60pct,last_alignn_pool,1537,256,13507,5,6.7684408816458506,4.7574118738671993,38.5154503152405,computed_ledoit_wolf_stable,3145.4176767010622,0.0006563927738960449,results/zero_shot/nitride/predictions.csv,results/embeddings/embeddings/test_set/structure_embeddings.npz
JVASP-99987,POSCAR-JVASP-99987.vasp,HfZrCN,nitride,test,-1.5265200000000001,-1.5511740446090698,0.024654044609069701,middle_60pct,last_alignn_pool,1538,256,13507,5,5.9436561448152929,3.9593245911204535,36.300043051371908,computed_ledoit_wolf_stable,3145.4176767010622,0.0006563927738960449,results/zero_shot/nitride/predictions.csv,results/embeddings/embeddings/test_set/structure_embeddings.npz
JVASP-101756,POSCAR-JVASP-101756.vasp,BaSr2N2,nitride,test,-0.62158000000000002,-0.61696708202362061,0.0046129179763794003,easy_bottom_20pct,last_alignn_pool,1539,256,13507,5,6.3333992869379188,4.4918345898296383,35.610660222897657,computed_ledoit_wolf_stable,3145.4176767010622,0.0006563927738960449,results/zero_shot/nitride/predictions.csv,results/embeddings/embeddings/test_set/structure_embeddings.npz
JVASP-15758,POSCAR-JVASP-15758.vasp,Na2LiN,nitride,test,-0.093560000000000004,-0.092234782874584198,0.0013252171254158,easy_bottom_20pct,last_alignn_pool,1540,256,13507,5,6.5664659471475035,3.7743566971225575,32.251084503498149,computed_ledoit_wolf_stable,3145.4176767010622,0.0006563927738960449,results/zero_shot/nitride/predictions.csv,results/embeddings/embeddings/test_set/structure_embeddings.npz
JVASP-101760,POSCAR-JVASP-101760.vasp,Sr2PtN2,nitride,test,-0.79769999999999996,-0.67412859201431274,0.12357140798568721,hard_top_20pct,last_alignn_pool,1541,256,13507,5,5.7390679141931793,4.3834443604336446,35.192158224484409,computed_ledoit_wolf_stable,3145.4176767010622,0.0006563927738960449,results/zero_shot/nitride/predictions.csv,results/embeddings/embeddings/test_set/structure_embeddings.npz
JVASP-14343,POSCAR-JVASP-14343.vasp,CNCl,nitride,test,0.36749999999999999,0.41505640745162958,0.047556407451629597,middle_60pct,last_alignn_pool,1542,256,13507,5,7.7446707709729337,4.0434650363355145,35.083446823039694,computed_ledoit_wolf_stable,3145.4176767010622,0.0006563927738960449,results/zero_shot/nitride/predictions.csv,results/embeddings/embeddings/test_set/structure_embeddings.npz
JVASP-103792,POSCAR-JVASP-103792.vasp,H7C6SN,nitride,test,0.026849999999999999,0.019941411912441202,0.0069085880875587001,easy_bottom_20pct,last_alignn_pool,1543,256,13507,5,6.5990724670989414,1.2878165013088996,13.144620992995703,computed_ledoit_wolf_stable,3145.4176767010622,0.0006563927738960449,results/zero_shot/nitride/predictions.csv,results/embeddings/embeddings/test_set/structure_embeddings.npz
JVASP-100668,POSCAR-JVASP-100668.vasp,KFeN,nitride,test,-0.05518,-0.027798667550086899,0.027381332449913,middle_60pct,last_alignn_pool,1544,256,13507,5,6.4874464429047176,4.5738371649938818,33.562274534028447,computed_ledoit_wolf_stable,3145.4176767010622,0.0006563927738960449,results/zero_shot/nitride/predictions.csv,results/embeddings/embeddings/test_set/structure_embeddings.npz
JVASP-100449,POSCAR-JVASP-100449.vasp,Li2CoN2,nitride,test,-0.25126999999999999,-0.32888764142990112,0.077617641429901102,middle_60pct,last_alignn_pool,1545,256,13507,5,6.1025892517972107,4.4518619401159167,31.230990830691795,computed_ledoit_wolf_stable,3145.4176767010622,0.0006563927738960449,results/zero_shot/nitride/predictions.csv,results/embeddings/embeddings/test_set/structure_embeddings.npz
JVASP-102237,POSCAR-JVASP-102237.vasp,BaFe2N2,nitride,test,-0.21451000000000001,-0.36855661869049072,0.15404661869049069,hard_top_20pct,last_alignn_pool,1546,256,13507,5,5.8321250895418544,4.3795362324923541,31.711116338879105,computed_ledoit_wolf_stable,3145.4176767010622,0.0006563927738960449,results/zero_shot/nitride/predictions.csv,results/embeddings/embeddings/test_set/structure_embeddings.npz
JVASP-5290,POSCAR-JVASP-5290.vasp,HS7N,nitride,test,0.031759999999999997,0.035956911742687198,0.0041969117426872002,easy_bottom_20pct,last_alignn_pool,1547,256,13507,5,7.233106686296809,3.5027880212728006,30.742016163155139,computed_ledoit_wolf_stable,3145.4176767010622,0.0006563927738960449,results/zero_shot/nitride/predictions.csv,results/embeddings/embeddings/test_set/structure_embeddings.npz
JVASP-100857,POSCAR-JVASP-100857.vasp,Sb4S3N2,nitride,test,-0.078740000000000004,-0.0799432918429374,0.0012032918429374,easy_bottom_20pct,last_alignn_pool,1548,256,13507,5,6.1958414210654551,3.0264210921061929,25.006450107297468,computed_ledoit_wolf_stable,3145.4176767010622,0.0006563927738960449,results/zero_shot/nitride/predictions.csv,results/embeddings/embeddings/test_set/structure_embeddings.npz
JVASP-104775,POSCAR-JVASP-104775.vasp,MgZrN2,nitride,test,-1.6151500000000001,-1.5132532119750977,0.1018967880249024,middle_60pct,last_alignn_pool,1549,256,13507,5,5.3750400923699715,3.695213213584188,31.997745529224119,computed_ledoit_wolf_stable,3145.4176767010622,0.0006563927738960449,results/zero_shot/nitride/predictions.csv,results/embeddings/embeddings/test_set/structure_embeddings.npz
JVASP-15243,POSCAR-JVASP-15243.vasp,Ce3B2N4,nitride,test,-1.53677,-1.5354102849960327,0.0013597150039672001,easy_bottom_20pct,last_alignn_pool,1550,256,13507,5,5.2460714978949401,3.7630751988039357,30.115464150071052,computed_ledoit_wolf_stable,3145.4176767010622,0.0006563927738960449,results/zero_shot/nitride/predictions.csv,results/embeddings/embeddings/test_set/structure_embeddings.npz
JVASP-14992,POSCAR-JVASP-14992.vasp,Na3N,nitride,test,0.11432,0.29541194438934321,0.1810919443893432,hard_top_20pct,last_alignn_pool,1551,256,13507,5,7.3899638121749458,4.4952758534822896,37.87557845248962,computed_ledoit_wolf_stable,3145.4176767010622,0.0006563927738960449,results/zero_shot/nitride/predictions.csv,results/embeddings/embeddings/test_set/structure_embeddings.npz
JVASP-104727,POSCAR-JVASP-104727.vasp,LaThCN,nitride,test,-0.99143000000000003,-1.0425715446472168,0.051141544647216701,middle_60pct,last_alignn_pool,1552,256,13507,5,5.9980091921568581,4.599805485106466,38.592737014533519,computed_ledoit_wolf_stable,3145.4176767010622,0.0006563927738960449,results/zero_shot/nitride/predictions.csv,results/embeddings/embeddings/test_set/structure_embeddings.npz
JVASP-104150,POSCAR-JVASP-104150.vasp,H7C3N,nitride,test,-0.098000000000000004,-0.094609521329402896,0.003390478670597,easy_bottom_20pct,last_alignn_pool,1553,256,13507,5,6.6052734108191027,1.4471961381450629,15.336152498687575,computed_ledoit_wolf_stable,3145.4176767010622,0.0006563927738960449,results/zero_shot/nitride/predictions.csv,results/embeddings/embeddings/test_set/structure_embeddings.npz
JVASP-102818,POSCAR-JVASP-102818.vasp,LiRuN2,nitride,test,-0.14480999999999999,-0.092404842376708901,0.052405157623291003,middle_60pct,last_alignn_pool,1554,256,13507,5,6.4362692405074045,4.5491791501912004,33.348613687618567,computed_ledoit_wolf_stable,3145.4176767010622,0.0006563927738960449,results/zero_shot/nitride/predictions.csv,results/embeddings/embeddings/test_set/structure_embeddings.npz
JVASP-2946,POSCAR-JVASP-2946.vasp,Sr2ZnN2,nitride,test,-0.76337999999999995,-0.72947657108306885,0.0339034289169311,middle_60pct,last_alignn_pool,1555,256,13507,5,5.6268697578366256,4.0380206022398539,31.278638796050945,computed_ledoit_wolf_stable,3145.4176767010622,0.0006563927738960449,results/zero_shot/nitride/predictions.csv,results/embeddings/embeddings/test_set/structure_embeddings.npz
JVASP-15718,POSCAR-JVASP-15718.vasp,FeN,nitride,test,-0.29827999999999999,-0.15102437138557431,0.14725562861442559,hard_top_20pct,last_alignn_pool,1556,256,13507,5,7.0735067747314249,4.9328007443594988,35.230589427190338,computed_ledoit_wolf_stable,3145.4176767010622,0.0006563927738960449,results/zero_shot/nitride/predictions.csv,results/embeddings/embeddings/test_set/structure_embeddings.npz
JVASP-14158,POSCAR-JVASP-14158.vasp,BNF8,nitride,test,-1.4177599999999999,-1.5782209634780884,0.16046096347808839,hard_top_20pct,last_alignn_pool,1557,256,13507,5,4.9490734290093759,3.069261754762346,26.108940239221536,computed_ledoit_wolf_stable,3145.4176767010622,0.0006563927738960449,results/zero_shot/nitride/predictions.csv,results/embeddings/embeddings/test_set/structure_embeddings.npz
JVASP-18530,POSCAR-JVASP-18530.vasp,Pr3B2N4,nitride,test,-1.4359200000000001,-1.4474233388900757,0.0115033388900755,middle_60pct,last_alignn_pool,1558,256,13507,5,5.0648737107850055,3.3659200229420478,29.429562884734768,computed_ledoit_wolf_stable,3145.4176767010622,0.0006563927738960449,results/zero_shot/nitride/predictions.csv,results/embeddings/embeddings/test_set/structure_embeddings.npz
JVASP-104703,POSCAR-JVASP-104703.vasp,PrUN2,nitride,test,-1.43527,-1.4992614984512329,0.063991498451232795,middle_60pct,last_alignn_pool,1559,256,13507,5,5.7956348618572466,4.2157808202769642,37.613216827265198,computed_ledoit_wolf_stable,3145.4176767010622,0.0006563927738960449,results/zero_shot/nitride/predictions.csv,results/embeddings/embeddings/test_set/structure_embeddings.npz
JVASP-107146,POSCAR-JVASP-107146.vasp,Ca2WN2,nitride,test,-0.88658000000000003,-0.92915189266204845,0.042571892662048298,middle_60pct,last_alignn_pool,1560,256,13507,5,5.7238644402462375,3.7489860067325784,31.862590331216641,computed_ledoit_wolf_stable,3145.4176767010622,0.0006563927738960449,results/zero_shot/nitride/predictions.csv,results/embeddings/embeddings/test_set/structure_embeddings.npz
JVASP-106861,POSCAR-JVASP-106861.vasp,ZrCdN2,nitride,test,-0.71714999999999995,-0.83656340837478638,0.1194134083747864,hard_top_20pct,last_alignn_pool,1561,256,13507,5,5.282909957930789,3.8041261977340453,28.942055538093975,computed_ledoit_wolf_stable,3145.4176767010622,0.0006563927738960449,results/zero_shot/nitride/predictions.csv,results/embeddings/embeddings/test_set/structure_embeddings.npz
JVASP-107579,POSCAR-JVASP-107579.vasp,FeCo2N2,nitride,test,0.15201000000000001,0.048172704875469201,0.1038372951245308,middle_60pct,last_alignn_pool,1562,256,13507,5,7.4204792991213493,4.919423566714058,34.265355955465168,computed_ledoit_wolf_stable,3145.4176767010622,0.0006563927738960449,results/zero_shot/nitride/predictions.csv,results/embeddings/embeddings/test_set/structure_embeddings.npz
JVASP-102681,POSCAR-JVASP-102681.vasp,Sr2LiN,nitride,test,-0.45572000000000001,-0.47096219658851618,0.015242196588516201,middle_60pct,last_alignn_pool,1563,256,13507,5,6.2723733264375987,4.50584760828737,34.325182043773225,computed_ledoit_wolf_stable,3145.4176767010622,0.0006563927738960449,results/zero_shot/nitride/predictions.csv,results/embeddings/embeddings/test_set/structure_embeddings.npz
JVASP-106867,POSCAR-JVASP-106867.vasp,TaSeN,nitride,test,-0.82960999999999996,-0.8412202000617981,0.011610200061798101,middle_60pct,last_alignn_pool,1564,256,13507,5,5.5683899212277845,4.2456467578876689,32.738959488970522,computed_ledoit_wolf_stable,3145.4176767010622,0.0006563927738960449,results/zero_shot/nitride/predictions.csv,results/embeddings/embeddings/test_set/structure_embeddings.npz
JVASP-2208,POSCAR-JVASP-2208.vasp,BaZrN2,nitride,test,-1.49922,-1.4973441362380979,0.0018758637619018001,easy_bottom_20pct,last_alignn_pool,1565,256,13507,5,5.4572853676603321,3.5561492556413286,33.529941552307761,computed_ledoit_wolf_stable,3145.4176767010622,0.0006563927738960449,results/zero_shot/nitride/predictions.csv,results/embeddings/embeddings/test_set/structure_embeddings.npz
JVASP-107150,POSCAR-JVASP-107150.vasp,La2CuN2F2,nitride,test,-2.2192699999999999,-2.170377254486084,0.0488927455139158,middle_60pct,last_alignn_pool,1566,256,13507,5,4.3343764598336847,3.6577948014863528,25.626022928622685,computed_ledoit_wolf_stable,3145.4176767010622,0.0006563927738960449,results/zero_shot/nitride/predictions.csv,results/embeddings/embeddings/test_set/structure_embeddings.npz
JVASP-104764,POSCAR-JVASP-104764.vasp,Al3GaN4,nitride,test,-1.3838999999999999,-1.3735872507095337,0.010312749290466199,middle_60pct,last_alignn_pool,1567,256,13507,5,5.4665375399259704,3.1198715421678482,30.016776484545726,computed_ledoit_wolf_stable,3145.4176767010622,0.0006563927738960449,results/zero_shot/nitride/predictions.csv,results/embeddings/embeddings/test_set/structure_embeddings.npz
JVASP-32348,POSCAR-JVASP-32348.vasp,SbN9,nitride,test,0.58814,0.66372388601303101,0.075583886013030996,middle_60pct,last_alignn_pool,1568,256,13507,5,9.3872582948395458,4.9530224970129861,44.017033863630509,computed_ledoit_wolf_stable,3145.4176767010622,0.0006563927738960449,results/zero_shot/nitride/predictions.csv,results/embeddings/embeddings/test_set/structure_embeddings.npz
JVASP-104877,POSCAR-JVASP-104877.vasp,ThTaN3,nitride,test,-1.6766799999999999,-1.6244652271270752,0.052214772872924697,middle_60pct,last_alignn_pool,1569,256,13507,5,5.4800566780145115,4.0639373239838115,37.507201660410253,computed_ledoit_wolf_stable,3145.4176767010622,0.0006563927738960449,results/zero_shot/nitride/predictions.csv,results/embeddings/embeddings/test_set/structure_embeddings.npz
JVASP-7674,POSCAR-JVASP-7674.vasp,ThTaN3,nitride,test,-1.45268,-1.4500685930252075,0.0026114069747924002,easy_bottom_20pct,last_alignn_pool,1570,256,13507,5,5.9255211069921767,4.5897693670691302,43.223004556967631,computed_ledoit_wolf_stable,3145.4176767010622,0.0006563927738960449,results/zero_shot/nitride/predictions.csv,results/embeddings/embeddings/test_set/structure_embeddings.npz
JVASP-13087,POSCAR-JVASP-13087.vasp,Si2CN4,nitride,test,-0.70148999999999995,-0.62734049558639526,0.0741495044136046,middle_60pct,last_alignn_pool,1571,256,13507,5,6.7925601607793551,3.4177475504192989,32.1296585107346,computed_ledoit_wolf_stable,3145.4176767010622,0.0006563927738960449,results/zero_shot/nitride/predictions.csv,results/embeddings/embeddings/test_set/structure_embeddings.npz
JVASP-107376,POSCAR-JVASP-107376.vasp,PdCN2,nitride,test,0.38965,0.3685744702816009,0.021075529718398999,middle_60pct,last_alignn_pool,1572,256,13507,5,8.2279615488967988,4.0380890564416188,37.624737401669947,computed_ledoit_wolf_stable,3145.4176767010622,0.0006563927738960449,results/zero_shot/nitride/predictions.csv,results/embeddings/embeddings/test_set/structure_embeddings.npz
JVASP-107378,POSCAR-JVASP-107378.vasp,CaMnN2,nitride,test,-0.77085999999999999,-0.70346790552139282,0.067392094478607098,middle_60pct,last_alignn_pool,1573,256,13507,5,5.280883207104055,3.976472090412738,27.804820563037065,computed_ledoit_wolf_stable,3145.4176767010622,0.0006563927738960449,results/zero_shot/nitride/predictions.csv,results/embeddings/embeddings/test_set/structure_embeddings.npz
JVASP-2646,POSCAR-JVASP-2646.vasp,CaGeN2,nitride,test,-0.78669,-0.78260046243667603,0.0040895375633239004,easy_bottom_20pct,last_alignn_pool,1574,256,13507,5,5.2865612916428084,3.6949886814881578,27.190988243811027,computed_ledoit_wolf_stable,3145.4176767010622,0.0006563927738960449,results/zero_shot/nitride/predictions.csv,results/embeddings/embeddings/test_set/structure_embeddings.npz
JVASP-8470,POSCAR-JVASP-8470.vasp,Ca3PbN,nitride,test,0.74888999999999994,0.83671647310256958,0.087826473102569594,middle_60pct,last_alignn_pool,1575,256,13507,5,6.9189801921577256,5.3393537722196793,39.865910218093184,computed_ledoit_wolf_stable,3145.4176767010622,0.0006563927738960449,results/zero_shot/nitride/predictions.csv,results/embeddings/embeddings/test_set/structure_embeddings.npz
JVASP-8187,POSCAR-JVASP-8187.vasp,TaCuN2,nitride,test,-0.68076000000000003,-0.58834975957870483,0.092410240421295198,middle_60pct,last_alignn_pool,1576,256,13507,5,6.2512767513141849,4.1601281838177826,34.829440815821222,computed_ledoit_wolf_stable,3145.4176767010622,0.0006563927738960449,results/zero_shot/nitride/predictions.csv,results/embeddings/embeddings/test_set/structure_embeddings.npz
JVASP-7903,POSCAR-JVASP-7903.vasp,P3N5,nitride,test,-0.24338000000000001,-0.2314752042293548,0.011904795770645101,middle_60pct,last_alignn_pool,1577,256,13507,5,7.3982732645521638,3.56971350551889,36.178596664923809,computed_ledoit_wolf_stable,3145.4176767010622,0.0006563927738960449,results/zero_shot/nitride/predictions.csv,results/embeddings/embeddings/test_set/structure_embeddings.npz
JVASP-14408,POSCAR-JVASP-14408.vasp,NiC2S2N2,nitride,test,0.18335000000000001,0.1823657155036926,0.00098428449630729993,easy_bottom_20pct,last_alignn_pool,1578,256,13507,5,7.1532013988715812,3.3766845300613277,28.330918963498213,computed_ledoit_wolf_stable,3145.4176767010622,0.0006563927738960449,results/zero_shot/nitride/predictions.csv,results/embeddings/embeddings/test_set/structure_embeddings.npz
JVASP-29550,POSCAR-JVASP-29550.vasp,C3N4,nitride,test,0.33889000000000002,0.35111933946609492,0.012229339466094899,middle_60pct,last_alignn_pool,1579,256,13507,5,8.8244939760283465,4.803794008042968,42.188112635263806,computed_ledoit_wolf_stable,3145.4176767010622,0.0006563927738960449,results/zero_shot/nitride/predictions.csv,results/embeddings/embeddings/test_set/structure_embeddings.npz
JVASP-8326,POSCAR-JVASP-8326.vasp,ZnW2N2,nitride,test,0.31807000000000002,0.064320169389247894,0.25374983061075213,hard_top_20pct,last_alignn_pool,1580,256,13507,5,6.9778746313481061,4.7257593150932591,35.804430747834473,computed_ledoit_wolf_stable,3145.4176767010622,0.0006563927738960449,results/zero_shot/nitride/predictions.csv,results/embeddings/embeddings/test_set/structure_embeddings.npz
JVASP-56177,POSCAR-JVASP-56177.vasp,Mn2RuC6N6,nitride,test,0.122,0.12299855798482889,0.00099855798482890003,easy_bottom_20pct,last_alignn_pool,1581,256,13507,5,7.3821363466376235,3.9478450664605425,34.770512669852941,computed_ledoit_wolf_stable,3145.4176767010622,0.0006563927738960449,results/zero_shot/nitride/predictions.csv,results/embeddings/embeddings/test_set/structure_embeddings.npz
JVASP-8298,POSCAR-JVASP-8298.vasp,ZnNi2N2,nitride,test,0.3886,0.37368100881576538,0.014918991184234599,middle_60pct,last_alignn_pool,1582,256,13507,5,7.1673618519941567,4.6550340858788166,35.01576676713016,computed_ledoit_wolf_stable,3145.4176767010622,0.0006563927738960449,results/zero_shot/nitride/predictions.csv,results/embeddings/embeddings/test_set/structure_embeddings.npz
JVASP-32740,POSCAR-JVASP-32740.vasp,BH8CN,nitride,test,-0.20705999999999999,-0.1936508417129516,0.013409158287048299,middle_60pct,last_alignn_pool,1583,256,13507,5,6.4250652539865278,2.2577708561282805,19.214954514995661,computed_ledoit_wolf_stable,3145.4176767010622,0.0006563927738960449,results/zero_shot/nitride/predictions.csv,results/embeddings/embeddings/test_set/structure_embeddings.npz
JVASP-12765,POSCAR-JVASP-12765.vasp,CN,nitride,test,0.67174999999999996,0.48713457584381098,0.1846154241561889,hard_top_20pct,last_alignn_pool,1584,256,13507,5,9.1265983019462578,4.8123173052180217,45.167586366422995,computed_ledoit_wolf_stable,3145.4176767010622,0.0006563927738960449,results/zero_shot/nitride/predictions.csv,results/embeddings/embeddings/test_set/structure_embeddings.npz
JVASP-12027,POSCAR-JVASP-12027.vasp,ZrBrN,nitride,test,-1.7676700000000001,-1.7849570512771606,0.017287051277160501,middle_60pct,last_alignn_pool,1585,256,13507,5,4.8769587286222649,3.4569864907790921,26.601846129600794,computed_ledoit_wolf_stable,3145.4176767010622,0.0006563927738960449,results/zero_shot/nitride/predictions.csv,results/embeddings/embeddings/test_set/structure_embeddings.npz
JVASP-8169,POSCAR-JVASP-8169.vasp,GaN,nitride,test,-0.56774000000000002,-0.57742166519165039,0.0096816651916503006,middle_60pct,last_alignn_pool,1586,256,13507,5,6.23034305621582,3.4450238627771084,33.701542665570315,computed_ledoit_wolf_stable,3145.4176767010622,0.0006563927738960449,results/zero_shot/nitride/predictions.csv,results/embeddings/embeddings/test_set/structure_embeddings.npz
JVASP-8131,POSCAR-JVASP-8131.vasp,Mg2NF,nitride,test,-2.0326300000000002,-1.9298285245895384,0.1028014754104615,middle_60pct,last_alignn_pool,1587,256,13507,5,4.6726433343808234,3.9936233410067032,28.073914599211747,computed_ledoit_wolf_stable,3145.4176767010622,0.0006563927738960449,results/zero_shot/nitride/predictions.csv,results/embeddings/embeddings/test_set/structure_embeddings.npz
JVASP-8343,POSCAR-JVASP-8343.vasp,MgW2N2,nitride,test,-0.091520000000000004,-0.26846522092819208,0.17694522092819209,hard_top_20pct,last_alignn_pool,1588,256,13507,5,6.6261597472991136,5.0438477490824969,38.455500797630854,computed_ledoit_wolf_stable,3145.4176767010622,0.0006563927738960449,results/zero_shot/nitride/predictions.csv,results/embeddings/embeddings/test_set/structure_embeddings.npz
JVASP-9162,POSCAR-JVASP-9162.vasp,C3N4,nitride,test,1.6686000000000001,1.4446624517440796,0.22393754825592049,hard_top_20pct,last_alignn_pool,1589,256,13507,5,9.6278452110805901,5.1067851740657009,45.636164198416658,computed_ledoit_wolf_stable,3145.4176767010622,0.0006563927738960449,results/zero_shot/nitride/predictions.csv,results/embeddings/embeddings/test_set/structure_embeddings.npz
JVASP-33781,POSCAR-JVASP-33781.vasp,SbH4NCl6,nitride,test,-0.64581999999999995,-0.71858471632003784,0.072764716320037795,middle_60pct,last_alignn_pool,1590,256,13507,5,5.1848242004564629,2.7857617614546029,22.911799993069675,computed_ledoit_wolf_stable,3145.4176767010622,0.0006563927738960449,results/zero_shot/nitride/predictions.csv,results/embeddings/embeddings/test_set/structure_embeddings.npz
JVASP-8271,POSCAR-JVASP-8271.vasp,CaTi2N2,nitride,test,-0.79976999999999998,-0.67444008588790894,0.12532991411209099,hard_top_20pct,last_alignn_pool,1591,256,13507,5,6.1865435076077739,4.4951715468304361,33.149519246188198,computed_ledoit_wolf_stable,3145.4176767010622,0.0006563927738960449,results/zero_shot/nitride/predictions.csv,results/embeddings/embeddings/test_set/structure_embeddings.npz
JVASP-32742,POSCAR-JVASP-32742.vasp,ReNCl4,nitride,test,-0.45322000000000001,-0.46890586614608759,0.0156858661460876,middle_60pct,last_alignn_pool,1592,256,13507,5,5.9517206602831072,3.7260792859241256,31.376436019391445,computed_ledoit_wolf_stable,3145.4176767010622,0.0006563927738960449,results/zero_shot/nitride/predictions.csv,results/embeddings/embeddings/test_set/structure_embeddings.npz
JVASP-8272,POSCAR-JVASP-8272.vasp,CaSn2N2,nitride,test,-0.20741000000000001,-0.32067856192588801,0.11326856192588799,hard_top_20pct,last_alignn_pool,1593,256,13507,5,5.7978522599385602,3.9983500106909049,30.099122651364357,computed_ledoit_wolf_stable,3145.4176767010622,0.0006563927738960449,results/zero_shot/nitride/predictions.csv,results/embeddings/embeddings/test_set/structure_embeddings.npz
JVASP-32959,POSCAR-JVASP-32959.vasp,SI2N2,nitride,test,0.64353000000000005,0.70596641302108765,0.0624364130210876,middle_60pct,last_alignn_pool,1594,256,13507,5,7.7343645060882613,4.1745743803691475,32.394684312056384,computed_ledoit_wolf_stable,3145.4176767010622,0.0006563927738960449,results/zero_shot/nitride/predictions.csv,results/embeddings/embeddings/test_set/structure_embeddings.npz
JVASP-78411,POSCAR-JVASP-78411.vasp,KN,nitride,test,1.1679200000000001,1.2046822309494021,0.036762230949401703,middle_60pct,last_alignn_pool,1595,256,13507,5,7.7240996542360145,4.9611124189653166,41.273802118787685,computed_ledoit_wolf_stable,3145.4176767010622,0.0006563927738960449,results/zero_shot/nitride/predictions.csv,results/embeddings/embeddings/test_set/structure_embeddings.npz
JVASP-78796,POSCAR-JVASP-78796.vasp,CaHfN2,nitride,test,-1.8392299999999999,-1.8205803632736208,0.018649636726379301,middle_60pct,last_alignn_pool,1596,256,13507,5,5.708942996762091,3.3222399785781369,32.447860704384993,computed_ledoit_wolf_stable,3145.4176767010622,0.0006563927738960449,results/zero_shot/nitride/predictions.csv,results/embeddings/embeddings/test_set/structure_embeddings.npz
JVASP-78536,POSCAR-JVASP-78536.vasp,KN,nitride,test,1.16804,1.1757768392562866,0.0077368392562866001,easy_bottom_20pct,last_alignn_pool,1597,256,13507,5,7.9061230886342884,5.1113611243468036,41.617231079041282,computed_ledoit_wolf_stable,3145.4176767010622,0.0006563927738960449,results/zero_shot/nitride/predictions.csv,results/embeddings/embeddings/test_set/structure_embeddings.npz
JVASP-9418,POSCAR-JVASP-9418.vasp,MnSiN2,nitride,test,-0.68237000000000003,-0.67799860239028931,0.0043713976097107003,easy_bottom_20pct,last_alignn_pool,1598,256,13507,5,6.0837699325910313,3.5985722657421064,30.80781779571128,computed_ledoit_wolf_stable,3145.4176767010622,0.0006563927738960449,results/zero_shot/nitride/predictions.csv,results/embeddings/embeddings/test_set/structure_embeddings.npz
JVASP-34290,POSCAR-JVASP-34290.vasp,Zr2SN2,nitride,test,-1.9007799999999999,-1.9277485609054563,0.026968560905456601,middle_60pct,last_alignn_pool,1599,256,13507,5,5.1662073544713243,2.7845262137402078,26.502531991546494,computed_ledoit_wolf_stable,3145.4176767010622,0.0006563927738960449,results/zero_shot/nitride/predictions.csv,results/embeddings/embeddings/test_set/structure_embeddings.npz
JVASP-36020,POSCAR-JVASP-36020.vasp,TcN,nitride,test,-0.039370000000000002,0.0492214635014534,0.088591463501453402,middle_60pct,last_alignn_pool,1600,256,13507,5,7.6958645952631093,5.1968385490962525,41.645430200304105,computed_ledoit_wolf_stable,3145.4176767010622,0.0006563927738960449,results/zero_shot/nitride/predictions.csv,results/embeddings/embeddings/test_set/structure_embeddings.npz
JVASP-79212,POSCAR-JVASP-79212.vasp,NaN3,nitride,test,-0.14932000000000001,-0.15405037999153129,0.0047303799915312996,easy_bottom_20pct,last_alignn_pool,1601,256,13507,5,7.4996622725508697,4.2345979492444483,36.889398539015737,computed_ledoit_wolf_stable,3145.4176767010622,0.0006563927738960449,results/zero_shot/nitride/predictions.csv,results/embeddings/embeddings/test_set/structure_embeddings.npz
JVASP-55622,POSCAR-JVASP-55622.vasp,Sr2BN2Cl,nitride,test,-1.6675,-1.682439923286438,0.014939923286438001,middle_60pct,last_alignn_pool,1602,256,13507,5,4.7257417334844671,3.2944039776735536,24.975446392318918,computed_ledoit_wolf_stable,3145.4176767010622,0.0006563927738960449,results/zero_shot/nitride/predictions.csv,results/embeddings/embeddings/test_set/structure_embeddings.npz
JVASP-79627,POSCAR-JVASP-79627.vasp,NF,nitride,test,0.24701999999999999,-0.1480334401130676,0.39505344011306759,hard_top_20pct,last_alignn_pool,1603,256,13507,5,7.5771130296765445,4.2098923249729427,34.472264846709223,computed_ledoit_wolf_stable,3145.4176767010622,0.0006563927738960449,results/zero_shot/nitride/predictions.csv,results/embeddings/embeddings/test_set/structure_embeddings.npz
JVASP-36270,POSCAR-JVASP-36270.vasp,CuN,nitride,test,0.90893000000000002,1.0382980108261108,0.1293680108261108,hard_top_20pct,last_alignn_pool,1604,256,13507,5,7.8889326799023962,4.9515155817076568,37.193699249329974,computed_ledoit_wolf_stable,3145.4176767010622,0.0006563927738960449,results/zero_shot/nitride/predictions.csv,results/embeddings/embeddings/test_set/structure_embeddings.npz
JVASP-36026,POSCAR-JVASP-36026.vasp,RuN,nitride,test,0.77802000000000004,0.78178519010543823,0.0037651901054380999,easy_bottom_20pct,last_alignn_pool,1605,256,13507,5,8.1469438325863486,5.287334519057592,44.030077344434467,computed_ledoit_wolf_stable,3145.4176767010622,0.0006563927738960449,results/zero_shot/nitride/predictions.csv,results/embeddings/embeddings/test_set/structure_embeddings.npz
JVASP-36369,POSCAR-JVASP-36369.vasp,PrN,nitride,test,-1.1357600000000001,-1.2328146696090698,0.097054669609069694,middle_60pct,last_alignn_pool,1606,256,13507,5,5.6206867915005407,4.1322556027709698,35.870470907885874,computed_ledoit_wolf_stable,3145.4176767010622,0.0006563927738960449,results/zero_shot/nitride/predictions.csv,results/embeddings/embeddings/test_set/structure_embeddings.npz
JVASP-36282,POSCAR-JVASP-36282.vasp,IrN,nitride,test,0.69672999999999996,0.65625816583633423,0.040471834163665697,middle_60pct,last_alignn_pool,1607,256,13507,5,8.7007358258582386,5.478838189615554,43.49752455977486,computed_ledoit_wolf_stable,3145.4176767010622,0.0006563927738960449,results/zero_shot/nitride/predictions.csv,results/embeddings/embeddings/test_set/structure_embeddings.npz
JVASP-10970,POSCAR-JVASP-10970.vasp,SbS2NF6,nitride,test,-1.57802,-1.5827963352203369,0.0047763352203369002,easy_bottom_20pct,last_alignn_pool,1608,256,13507,5,4.4533707814826933,2.7811134043130616,21.104557864483592,computed_ledoit_wolf_stable,3145.4176767010622,0.0006563927738960449,results/zero_shot/nitride/predictions.csv,results/embeddings/embeddings/test_set/structure_embeddings.npz
JVASP-54886,POSCAR-JVASP-54886.vasp,Ca3Ga2N4,nitride,test,-0.93089,-0.87243562936782837,0.058454370632171598,middle_60pct,last_alignn_pool,1609,256,13507,5,5.0923255040980493,3.5888244638608926,26.6967607829881,computed_ledoit_wolf_stable,3145.4176767010622,0.0006563927738960449,results/zero_shot/nitride/predictions.csv,results/embeddings/embeddings/test_set/structure_embeddings.npz
JVASP-35985,POSCAR-JVASP-35985.vasp,WN,nitride,test,-0.19302,-0.14262367784976959,0.050396322150230398,middle_60pct,last_alignn_pool,1610,256,13507,5,7.589148469740997,5.6463262993294538,46.543593710790709,computed_ledoit_wolf_stable,3145.4176767010622,0.0006563927738960449,results/zero_shot/nitride/predictions.csv,results/embeddings/embeddings/test_set/structure_embeddings.npz
JVASP-36536,POSCAR-JVASP-36536.vasp,Zr2N,nitride,test,-1.3580099999999999,-1.3409348726272583,0.0170751273727416,middle_60pct,last_alignn_pool,1611,256,13507,5,6.8291090513520682,4.8446838703084847,42.292737564812256,computed_ledoit_wolf_stable,3145.4176767010622,0.0006563927738960449,results/zero_shot/nitride/predictions.csv,results/embeddings/embeddings/test_set/structure_embeddings.npz
JVASP-36335,POSCAR-JVASP-36335.vasp,NbN,nitride,test,-0.60399999999999998,-0.53290629386901855,0.071093706130981399,middle_60pct,last_alignn_pool,1612,256,13507,5,7.0462829763493398,5.1027825552020669,43.296122966853332,computed_ledoit_wolf_stable,3145.4176767010622,0.0006563927738960449,results/zero_shot/nitride/predictions.csv,results/embeddings/embeddings/test_set/structure_embeddings.npz
JVASP-36674,POSCAR-JVASP-36674.vasp,CdNi3N,nitride,test,-0.11464000000000001,-0.10135263204574579,0.013287367954254101,middle_60pct,last_alignn_pool,1613,256,13507,5,7.083228770879832,4.8396562394607745,35.049480474368131,computed_ledoit_wolf_stable,3145.4176767010622,0.0006563927738960449,results/zero_shot/nitride/predictions.csv,results/embeddings/embeddings/test_set/structure_embeddings.npz
JVASP-36247,POSCAR-JVASP-36247.vasp,OsN2,nitride,test,0.77141999999999999,0.77425676584243774,0.0028367658424377001,easy_bottom_20pct,last_alignn_pool,1614,256,13507,5,9.0583774389171161,5.6019854696263787,49.843366636473355,computed_ledoit_wolf_stable,3145.4176767010622,0.0006563927738960449,results/zero_shot/nitride/predictions.csv,results/embeddings/embeddings/test_set/structure_embeddings.npz
JVASP-36196,POSCAR-JVASP-36196.vasp,B2CN,nitride,test,-0.45068999999999998,-0.50795269012451172,0.057262690124511698,middle_60pct,last_alignn_pool,1615,256,13507,5,7.0171732202825297,4.7177434448671374,33.739202016749765,computed_ledoit_wolf_stable,3145.4176767010622,0.0006563927738960449,results/zero_shot/nitride/predictions.csv,results/embeddings/embeddings/test_set/structure_embeddings.npz
JVASP-22541,POSCAR-JVASP-22541.vasp,H4BrN,nitride,test,-0.50302999999999998,-0.50259208679199219,0.00043791320800769999,easy_bottom_20pct,last_alignn_pool,1616,256,13507,5,6.622346260657582,3.0399104801379515,31.922898555566697,computed_ledoit_wolf_stable,3145.4176767010622,0.0006563927738960449,results/zero_shot/nitride/predictions.csv,results/embeddings/embeddings/test_set/structure_embeddings.npz
JVASP-35648,POSCAR-JVASP-35648.vasp,Dy3AlN,nitride,test,-1.0117700000000001,-1.0126717090606689,0.00090170906066879995,easy_bottom_20pct,last_alignn_pool,1617,256,13507,5,6.3217156060686115,4.4588229715387913,35.755976870623513,computed_ledoit_wolf_stable,3145.4176767010622,0.0006563927738960449,results/zero_shot/nitride/predictions.csv,results/embeddings/embeddings/test_set/structure_embeddings.npz
JVASP-52179,POSCAR-JVASP-52179.vasp,BeC2N2,nitride,test,-0.18643000000000001,0.040982805192470502,0.22741280519247051,hard_top_20pct,last_alignn_pool,1618,256,13507,5,7.6199312986753611,4.4495952275297928,42.144586485814216,computed_ledoit_wolf_stable,3145.4176767010622,0.0006563927738960449,results/zero_shot/nitride/predictions.csv,results/embeddings/embeddings/test_set/structure_embeddings.npz
JVASP-35793,POSCAR-JVASP-35793.vasp,PmN,nitride,test,-1.64706,-1.3969987630844116,0.25006123691558829,hard_top_20pct,last_alignn_pool,1619,256,13507,5,5.8358959875867935,4.4896438811843966,36.61249192522466,computed_ledoit_wolf_stable,3145.4176767010622,0.0006563927738960449,results/zero_shot/nitride/predictions.csv,results/embeddings/embeddings/test_set/structure_embeddings.npz
JVASP-36501,POSCAR-JVASP-36501.vasp,Ba3BiN,nitride,test,0.66286999999999996,0.60887503623962402,0.053994963760375901,middle_60pct,last_alignn_pool,1620,256,13507,5,6.9314816035664668,5.5344958078340154,44.971370481413715,computed_ledoit_wolf_stable,3145.4176767010622,0.0006563927738960449,results/zero_shot/nitride/predictions.csv,results/embeddings/embeddings/test_set/structure_embeddings.npz
JVASP-35890,POSCAR-JVASP-35890.vasp,HfN2,nitride,test,-0.91708999999999996,-0.83747321367263794,0.079616786327361994,middle_60pct,last_alignn_pool,1621,256,13507,5,6.9108446647797592,5.7713221873720499,45.66917249510297,computed_ledoit_wolf_stable,3145.4176767010622,0.0006563927738960449,results/zero_shot/nitride/predictions.csv,results/embeddings/embeddings/test_set/structure_embeddings.npz
JVASP-36570,POSCAR-JVASP-36570.vasp,CrN2,nitride,test,0.26737,0.052409209311008398,0.21496079068899149,hard_top_20pct,last_alignn_pool,1622,256,13507,5,7.8336386579766248,5.0787574764447756,42.461915009458451,computed_ledoit_wolf_stable,3145.4176767010622,0.0006563927738960449,results/zero_shot/nitride/predictions.csv,results/embeddings/embeddings/test_set/structure_embeddings.npz
JVASP-36466,POSCAR-JVASP-36466.vasp,Ba3BiN,nitride,test,-0.87399000000000004,-0.86061006784439087,0.013379932155609099,middle_60pct,last_alignn_pool,1623,256,13507,5,6.376523769494117,4.1316764947304163,38.606497413397996,computed_ledoit_wolf_stable,3145.4176767010622,0.0006563927738960449,results/zero_shot/nitride/predictions.csv,results/embeddings/embeddings/test_set/structure_embeddings.npz
JVASP-36658,POSCAR-JVASP-36658.vasp,YN,nitride,test,-1.6157600000000001,-1.6628532409667969,0.0470932409667967,middle_60pct,last_alignn_pool,1624,256,13507,5,5.6750904929792165,4.1895867103283617,37.589982399983739,computed_ledoit_wolf_stable,3145.4176767010622,0.0006563927738960449,results/zero_shot/nitride/predictions.csv,results/embeddings/embeddings/test_set/structure_embeddings.npz
JVASP-33037,POSCAR-JVASP-33037.vasp,HgN3,nitride,test,0.64171999999999996,0.61930805444717407,0.022411945552825802,middle_60pct,last_alignn_pool,1625,256,13507,5,8.9590648687615762,4.3625499686071993,38.082547028584642,computed_ledoit_wolf_stable,3145.4176767010622,0.0006563927738960449,results/zero_shot/nitride/predictions.csv,results/embeddings/embeddings/test_set/structure_embeddings.npz
JVASP-35054,POSCAR-JVASP-35054.vasp,RuN2,nitride,test,0.71252000000000004,0.76405006647109985,0.051530066471099797,middle_60pct,last_alignn_pool,1626,256,13507,5,8.3589214787482398,4.9071276233517533,42.365760649073088,computed_ledoit_wolf_stable,3145.4176767010622,0.0006563927738960449,results/zero_shot/nitride/predictions.csv,results/embeddings/embeddings/test_set/structure_embeddings.npz
JVASP-41297,POSCAR-JVASP-41297.vasp,NaGaH8N2F6,nitride,test,-1.55148,-1.5687863826751709,0.0173063826751709,middle_60pct,last_alignn_pool,1627,256,13507,5,3.9263106187713417,2.6895174424385737,23.057071013539247,computed_ledoit_wolf_stable,3145.4176767010622,0.0006563927738960449,results/zero_shot/nitride/predictions.csv,results/embeddings/embeddings/test_set/structure_embeddings.npz
JVASP-23535,POSCAR-JVASP-23535.vasp,Ce3Ni2B2N3,nitride,test,-1.21844,-1.169347882270813,0.049092117729186903,middle_60pct,last_alignn_pool,1628,256,13507,5,5.1818369964724216,3.7799916616284142,28.048343589865826,computed_ledoit_wolf_stable,3145.4176767010622,0.0006563927738960449,results/zero_shot/nitride/predictions.csv,results/embeddings/embeddings/test_set/structure_embeddings.npz
JVASP-58336,POSCAR-JVASP-58336.vasp,YbBaSi4N7,nitride,test,-1.2269399999999999,-1.2280423641204834,0.0011023641204833999,easy_bottom_20pct,last_alignn_pool,1629,256,13507,5,5.3570225593306002,2.6300560124445753,26.682111071571576,computed_ledoit_wolf_stable,3145.4176767010622,0.0006563927738960449,results/zero_shot/nitride/predictions.csv,results/embeddings/embeddings/test_set/structure_embeddings.npz
JVASP-39959,POSCAR-JVASP-39959.vasp,AcN,nitride,test,-1.2558,-1.1424885988235474,0.11331140117645259,hard_top_20pct,last_alignn_pool,1630,256,13507,5,6.129635533374965,4.6472842181303751,44.722227085312561,computed_ledoit_wolf_stable,3145.4176767010622,0.0006563927738960449,results/zero_shot/nitride/predictions.csv,results/embeddings/embeddings/test_set/structure_embeddings.npz
JVASP-38533,POSCAR-JVASP-38533.vasp,Si12HN8,nitride,test,-0.40550000000000003,-0.43777871131896973,0.032278711318969699,middle_60pct,last_alignn_pool,1631,256,13507,5,6.8511252290067439,4.2359792705253927,32.683144218861059,computed_ledoit_wolf_stable,3145.4176767010622,0.0006563927738960449,results/zero_shot/nitride/predictions.csv,results/embeddings/embeddings/test_set/structure_embeddings.npz
JVASP-16897,POSCAR-JVASP-16897.vasp,MoN,nitride,test,-0.47159000000000001,-0.5524517297744751,0.080861729774475005,middle_60pct,last_alignn_pool,1632,256,13507,5,7.0978854904790518,5.1026913458437493,41.27529236343323,computed_ledoit_wolf_stable,3145.4176767010622,0.0006563927738960449,results/zero_shot/nitride/predictions.csv,results/embeddings/embeddings/test_set/structure_embeddings.npz
JVASP-39346,POSCAR-JVASP-39346.vasp,PdN,nitride,test,0.97299999999999998,0.98428863286972035,0.0112886328697204,middle_60pct,last_alignn_pool,1633,256,13507,5,8.4055873620685695,5.1254758441850354,38.650305977721089,computed_ledoit_wolf_stable,3145.4176767010622,0.0006563927738960449,results/zero_shot/nitride/predictions.csv,results/embeddings/embeddings/test_set/structure_embeddings.npz
JVASP-12292,POSCAR-JVASP-12292.vasp,NbCrN,nitride,test,-0.80317000000000005,-0.7263801097869873,0.076789890213012704,middle_60pct,last_alignn_pool,1634,256,13507,5,6.4911859434247967,4.8316417354894918,37.523076979089652,computed_ledoit_wolf_stable,3145.4176767010622,0.0006563927738960449,results/zero_shot/nitride/predictions.csv,results/embeddings/embeddings/test_set/structure_embeddings.npz
JVASP-78381,POSCAR-JVASP-78381.vasp,MnN,nitride,test,-0.3125,-0.27439910173416138,0.038100898265838602,middle_60pct,last_alignn_pool,1635,256,13507,5,6.8547373094453343,4.8657244436976566,39.108701729233573,computed_ledoit_wolf_stable,3145.4176767010622,0.0006563927738960449,results/zero_shot/nitride/predictions.csv,results/embeddings/embeddings/test_set/structure_embeddings.npz
JVASP-78392,POSCAR-JVASP-78392.vasp,NCl,nitride,test,2.75603,2.6369566917419434,0.11907330825805661,hard_top_20pct,last_alignn_pool,1636,256,13507,5,9.2867474893657338,4.6927430857148265,40.573993825518976,computed_ledoit_wolf_stable,3145.4176767010622,0.0006563927738960449,results/zero_shot/nitride/predictions.csv,results/embeddings/embeddings/test_set/structure_embeddings.npz
JVASP-29281,POSCAR-JVASP-29281.vasp,CdC2N2,nitride,test,0.36577999999999999,0.413493812084198,0.047713812084197997,middle_60pct,last_alignn_pool,1637,256,13507,5,8.0185683577873075,4.0636690611298016,40.461154883359761,computed_ledoit_wolf_stable,3145.4176767010622,0.0006563927738960449,results/zero_shot/nitride/predictions.csv,results/embeddings/embeddings/test_set/structure_embeddings.npz
JVASP-37007,POSCAR-JVASP-37007.vasp,YN,nitride,test,-1.49332,-1.5713703632354736,0.078050363235473597,middle_60pct,last_alignn_pool,1638,256,13507,5,5.4540156230872707,4.2135333466420528,36.228050620465034,computed_ledoit_wolf_stable,3145.4176767010622,0.0006563927738960449,results/zero_shot/nitride/predictions.csv,results/embeddings/embeddings/test_set/structure_embeddings.npz
JVASP-37139,POSCAR-JVASP-37139.vasp,NbN,nitride,test,-0.81842999999999999,-0.84852010011672974,0.0300901001167297,middle_60pct,last_alignn_pool,1639,256,13507,5,6.7378355865103483,4.4779237941215699,34.45247434862533,computed_ledoit_wolf_stable,3145.4176767010622,0.0006563927738960449,results/zero_shot/nitride/predictions.csv,results/embeddings/embeddings/test_set/structure_embeddings.npz
JVASP-37094,POSCAR-JVASP-37094.vasp,RuN,nitride,test,0.51819000000000004,0.50990617275238037,0.0082838272476196007,easy_bottom_20pct,last_alignn_pool,1640,256,13507,5,8.0269681799745705,5.3360990836086213,43.013147225445699,computed_ledoit_wolf_stable,3145.4176767010622,0.0006563927738960449,results/zero_shot/nitride/predictions.csv,results/embeddings/embeddings/test_set/structure_embeddings.npz
JVASP-37140,POSCAR-JVASP-37140.vasp,NbN,nitride,test,-1.0682100000000001,-1.0422236919403076,0.0259863080596924,middle_60pct,last_alignn_pool,1641,256,13507,5,6.6828784583174059,4.3313653167074566,36.312274437402777,computed_ledoit_wolf_stable,3145.4176767010622,0.0006563927738960449,results/zero_shot/nitride/predictions.csv,results/embeddings/embeddings/test_set/structure_embeddings.npz
JVASP-32826,POSCAR-JVASP-32826.vasp,CNCl,nitride,test,0.061670000000000003,0.1172334477305412,0.055563447730541199,middle_60pct,last_alignn_pool,1642,256,13507,5,7.1357610962472489,3.6802394028406673,31.745343629368374,computed_ledoit_wolf_stable,3145.4176767010622,0.0006563927738960449,results/zero_shot/nitride/predictions.csv,results/embeddings/embeddings/test_set/structure_embeddings.npz
JVASP-37166,POSCAR-JVASP-37166.vasp,ZnN,nitride,test,0.56623999999999997,0.62577861547470093,0.0595386154747009,middle_60pct,last_alignn_pool,1643,256,13507,5,7.1262327913871975,4.8456327367893213,35.637596030578777,computed_ledoit_wolf_stable,3145.4176767010622,0.0006563927738960449,results/zero_shot/nitride/predictions.csv,results/embeddings/embeddings/test_set/structure_embeddings.npz
JVASP-45248,POSCAR-JVASP-45248.vasp,Ca2BN2F,nitride,test,-2.1054499999999998,-2.1413710117340088,0.035921011734008898,middle_60pct,last_alignn_pool,1644,256,13507,5,4.6369580791649945,3.1466841877837961,24.191293636901353,computed_ledoit_wolf_stable,3145.4176767010622,0.0006563927738960449,results/zero_shot/nitride/predictions.csv,results/embeddings/embeddings/test_set/structure_embeddings.npz
JVASP-30025,POSCAR-JVASP-30025.vasp,ZnC2S2N2,nitride,test,0.01307,0.015586353838443701,0.0025163538384437001,easy_bottom_20pct,last_alignn_pool,1645,256,13507,5,6.51592568858758,3.0071778481035119,26.519360062405312,computed_ledoit_wolf_stable,3145.4176767010622,0.0006563927738960449,results/zero_shot/nitride/predictions.csv,results/embeddings/embeddings/test_set/structure_embeddings.npz
JVASP-52095,POSCAR-JVASP-52095.vasp,Ce4B2N5,nitride,test,-1.5556099999999999,-1.5668137073516846,0.0112037073516846,middle_60pct,last_alignn_pool,1646,256,13507,5,5.4438312976745795,3.8846300929502009,30.727766203249406,computed_ledoit_wolf_stable,3145.4176767010622,0.0006563927738960449,results/zero_shot/nitride/predictions.csv,results/embeddings/embeddings/test_set/structure_embeddings.npz
JVASP-90171,POSCAR-JVASP-90171.vasp,PtI6N2,nitride,test,1.5586199999999999,1.1444786787033081,0.41414132129669179,hard_top_20pct,last_alignn_pool,1647,256,13507,5,8.1406888628623459,5.2901333771799814,43.551761180460581,computed_ledoit_wolf_stable,3145.4176767010622,0.0006563927738960449,results/zero_shot/nitride/predictions.csv,results/embeddings/embeddings/test_set/structure_embeddings.npz
JVASP-53485,POSCAR-JVASP-53485.vasp,Ca3UN4,nitride,test,-1.5345299999999999,-1.4789366722106934,0.0555933277893065,middle_60pct,last_alignn_pool,1648,256,13507,5,5.3101855521129941,3.3426230781789621,30.103530606561108,computed_ledoit_wolf_stable,3145.4176767010622,0.0006563927738960449,results/zero_shot/nitride/predictions.csv,results/embeddings/embeddings/test_set/structure_embeddings.npz
JVASP-18231,POSCAR-JVASP-18231.vasp,Mn3IrN,nitride,test,-0.20946999999999999,-0.194507896900177,0.014962103099822901,middle_60pct,last_alignn_pool,1649,256,13507,5,7.5260049144190031,5.6455645397648517,49.63958414434223,computed_ledoit_wolf_stable,3145.4176767010622,0.0006563927738960449,results/zero_shot/nitride/predictions.csv,results/embeddings/embeddings/test_set/structure_embeddings.npz
JVASP-32013,POSCAR-JVASP-32013.vasp,NiH16C4S4N8Cl2,nitride,test,-0.24842,-0.24247756600379941,0.0059424339962005001,easy_bottom_20pct,last_alignn_pool,1650,256,13507,5,5.9703287844219544,2.1525127330206191,19.059246907118673,computed_ledoit_wolf_stable,3145.4176767010622,0.0006563927738960449,results/zero_shot/nitride/predictions.csv,results/embeddings/embeddings/test_set/structure_embeddings.npz
JVASP-18258,POSCAR-JVASP-18258.vasp,Co2N,nitride,test,-0.022919999999999999,-0.0072521790862083001,0.0156678209137916,middle_60pct,last_alignn_pool,1651,256,13507,5,7.7898459496161339,5.250638883490609,37.169956910740275,computed_ledoit_wolf_stable,3145.4176767010622,0.0006563927738960449,results/zero_shot/nitride/predictions.csv,results/embeddings/embeddings/test_set/structure_embeddings.npz
JVASP-59026,POSCAR-JVASP-59026.vasp,NaP4N7,nitride,test,-0.51463999999999999,-0.51797950267791748,0.0033395026779174,easy_bottom_20pct,last_alignn_pool,1652,256,13507,5,6.414985936090928,3.2296535393921202,29.351204157440822,computed_ledoit_wolf_stable,3145.4176767010622,0.0006563927738960449,results/zero_shot/nitride/predictions.csv,results/embeddings/embeddings/test_set/structure_embeddings.npz
JVASP-34751,POSCAR-JVASP-34751.vasp,CoN3,nitride,test,0.51544999999999996,0.64031887054443359,0.1248688705444336,hard_top_20pct,last_alignn_pool,1653,256,13507,5,8.7368236022846872,4.9005002700592115,42.954012452953243,computed_ledoit_wolf_stable,3145.4176767010622,0.0006563927738960449,results/zero_shot/nitride/predictions.csv,results/embeddings/embeddings/test_set/structure_embeddings.npz
JVASP-12554,POSCAR-JVASP-12554.vasp,LiH2N,nitride,test,-0.54613,-0.51240438222885132,0.033725617771148603,middle_60pct,last_alignn_pool,1654,256,13507,5,5.9249531646997013,3.3379797787140282,26.984934340332863,computed_ledoit_wolf_stable,3145.4176767010622,0.0006563927738960449,results/zero_shot/nitride/predictions.csv,results/embeddings/embeddings/test_set/structure_embeddings.npz
JVASP-29945,POSCAR-JVASP-29945.vasp,ZrNCl,nitride,test,-1.4625300000000001,-1.5743776559829712,0.111847655982971,middle_60pct,last_alignn_pool,1655,256,13507,5,5.0405110465487803,3.8101458409461366,30.251527417277959,computed_ledoit_wolf_stable,3145.4176767010622,0.0006563927738960449,results/zero_shot/nitride/predictions.csv,results/embeddings/embeddings/test_set/structure_embeddings.npz
JVASP-5395,POSCAR-JVASP-5395.vasp,TiIN,nitride,test,-1.26607,-1.2781049013137815,0.012034901313781699,middle_60pct,last_alignn_pool,1656,256,13507,5,4.8372670122011394,3.9373185494011325,26.865252191935539,computed_ledoit_wolf_stable,3145.4176767010622,0.0006563927738960449,results/zero_shot/nitride/predictions.csv,results/embeddings/embeddings/test_set/structure_embeddings.npz
JVASP-51724,POSCAR-JVASP-51724.vasp,H4IN,nitride,test,-0.40595999999999999,-0.41357281804084778,0.0076128180408476997,easy_bottom_20pct,last_alignn_pool,1657,256,13507,5,6.4966472159858553,2.8918336662267818,29.333364073254053,computed_ledoit_wolf_stable,3145.4176767010622,0.0006563927738960449,results/zero_shot/nitride/predictions.csv,results/embeddings/embeddings/test_set/structure_embeddings.npz
JVASP-17993,POSCAR-JVASP-17993.vasp,Mn3RhN,nitride,test,1.9134800000000001,1.7177435159683228,0.19573648403167729,hard_top_20pct,last_alignn_pool,1658,256,13507,5,8.7032775316869078,6.776381294844505,55.769588974140852,computed_ledoit_wolf_stable,3145.4176767010622,0.0006563927738960449,results/zero_shot/nitride/predictions.csv,results/embeddings/embeddings/test_set/structure_embeddings.npz
JVASP-51054,POSCAR-JVASP-51054.vasp,Na3Li3N2,nitride,test,0.024410000000000001,-0.14641657471656799,0.1708265747165679,hard_top_20pct,last_alignn_pool,1659,256,13507,5,6.2352026369065676,3.6603792831621611,28.057014307509142,computed_ledoit_wolf_stable,3145.4176767010622,0.0006563927738960449,results/zero_shot/nitride/predictions.csv,results/embeddings/embeddings/test_set/structure_embeddings.npz
JVASP-53214,POSCAR-JVASP-53214.vasp,NaZr2SN2Cl,nitride,test,-1.8428199999999999,-1.8664867877960205,0.023666787796020598,middle_60pct,last_alignn_pool,1660,256,13507,5,4.2341801902533129,3.3326702969511741,21.336421675611629,computed_ledoit_wolf_stable,3145.4176767010622,0.0006563927738960449,results/zero_shot/nitride/predictions.csv,results/embeddings/embeddings/test_set/structure_embeddings.npz
JVASP-16885,POSCAR-JVASP-16885.vasp,ScN,nitride,test,-1.1233,-1.2113450765609739,0.0880450765609741,middle_60pct,last_alignn_pool,1661,256,13507,5,5.8967931238493074,4.9094388191611786,40.280704766092633,computed_ledoit_wolf_stable,3145.4176767010622,0.0006563927738960449,results/zero_shot/nitride/predictions.csv,results/embeddings/embeddings/test_set/structure_embeddings.npz
JVASP-54791,POSCAR-JVASP-54791.vasp,CoH3C6N6,nitride,test,0.28766999999999998,0.36653876304626459,0.078868763046264598,middle_60pct,last_alignn_pool,1662,256,13507,5,7.8985126853516459,3.7134926079307791,32.519146036262256,computed_ledoit_wolf_stable,3145.4176767010622,0.0006563927738960449,results/zero_shot/nitride/predictions.csv,results/embeddings/embeddings/test_set/structure_embeddings.npz
JVASP-91702,POSCAR-JVASP-91702.vasp,TaNF6,nitride,test,-1.8208500000000001,-1.8751190900802612,0.054269090080261102,middle_60pct,last_alignn_pool,1663,256,13507,5,5.4316724346771919,4.110001014436949,27.574955897142317,computed_ledoit_wolf_stable,3145.4176767010622,0.0006563927738960449,results/zero_shot/nitride/predictions.csv,results/embeddings/embeddings/test_set/structure_embeddings.npz
JVASP-110307,POSCAR-JVASP-110307.vasp,Ba2MnN2,nitride,test,-0.61107,-0.64949429035186768,0.038424290351867597,middle_60pct,last_alignn_pool,1664,256,13507,5,6.0876896530159472,4.1262225435814219,35.051734278538127,computed_ledoit_wolf_stable,3145.4176767010622,0.0006563927738960449,results/zero_shot/nitride/predictions.csv,results/embeddings/embeddings/test_set/structure_embeddings.npz
JVASP-108730,POSCAR-JVASP-108730.vasp,Ti2CN,nitride,test,-1.44947,-1.4972690343856812,0.047799034385681102,middle_60pct,last_alignn_pool,1665,256,13507,5,6.1658115209910846,4.3984275488498232,34.216876983367605,computed_ledoit_wolf_stable,3145.4176767010622,0.0006563927738960449,results/zero_shot/nitride/predictions.csv,results/embeddings/embeddings/test_set/structure_embeddings.npz
JVASP-109179,POSCAR-JVASP-109179.vasp,Hf4N3,nitride,test,-1.6639600000000001,-1.7444974184036257,0.080537418403625299,middle_60pct,last_alignn_pool,1666,256,13507,5,6.5526242122170055,3.5095135924151153,37.160599014787906,computed_ledoit_wolf_stable,3145.4176767010622,0.0006563927738960449,results/zero_shot/nitride/predictions.csv,results/embeddings/embeddings/test_set/structure_embeddings.npz
JVASP-110197,POSCAR-JVASP-110197.vasp,NbVN2,nitride,test,-1.0489999999999999,-1.091937780380249,0.042937780380249001,middle_60pct,last_alignn_pool,1667,256,13507,5,6.3095782744341093,4.0039510384637698,31.79060142680304,computed_ledoit_wolf_stable,3145.4176767010622,0.0006563927738960449,results/zero_shot/nitride/predictions.csv,results/embeddings/embeddings/test_set/structure_embeddings.npz
JVASP-21091,POSCAR-JVASP-21091.vasp,LiSi2N3,nitride,test,-1.2616799999999999,-1.2545647621154783,0.0071152378845212999,easy_bottom_20pct,last_alignn_pool,1668,256,13507,5,5.6204802493489767,2.9437036417445244,29.498057796971576,computed_ledoit_wolf_stable,3145.4176767010622,0.0006563927738960449,results/zero_shot/nitride/predictions.csv,results/embeddings/embeddings/test_set/structure_embeddings.npz
JVASP-108956,POSCAR-JVASP-108956.vasp,FeSnN,nitride,test,0.082659999999999997,0.085790447890758501,0.0031304478907585001,easy_bottom_20pct,last_alignn_pool,1669,256,13507,5,6.7397728214004484,4.4443588350642216,31.334994190313108,computed_ledoit_wolf_stable,3145.4176767010622,0.0006563927738960449,results/zero_shot/nitride/predictions.csv,results/embeddings/embeddings/test_set/structure_embeddings.npz
JVASP-109803,POSCAR-JVASP-109803.vasp,NaInN,nitride,test,0.065320000000000003,-0.18482233583927149,0.25014233583927148,hard_top_20pct,last_alignn_pool,1670,256,13507,5,6.348959419942803,4.3799536918829514,30.411222571820062,computed_ledoit_wolf_stable,3145.4176767010622,0.0006563927738960449,results/zero_shot/nitride/predictions.csv,results/embeddings/embeddings/test_set/structure_embeddings.npz
JVASP-25250,POSCAR-JVASP-25250.vasp,N,nitride,test,-0,0.0026069805026054001,0.0026069805026054001,easy_bottom_20pct,last_alignn_pool,1671,256,13507,5,10.295072671931312,5.5747586886648284,53.15793864819851,computed_ledoit_wolf_stable,3145.4176767010622,0.0006563927738960449,results/zero_shot/nitride/predictions.csv,results/embeddings/embeddings/test_set/structure_embeddings.npz
JVASP-22344,POSCAR-JVASP-22344.vasp,Ca3CrN3,nitride,test,-1.14713,-1.1508793830871582,0.0037493830871582002,easy_bottom_20pct,last_alignn_pool,1672,256,13507,5,5.2022675208153011,3.0971894761607137,27.432279627079641,computed_ledoit_wolf_stable,3145.4176767010622,0.0006563927738960449,results/zero_shot/nitride/predictions.csv,results/embeddings/embeddings/test_set/structure_embeddings.npz
JVASP-11110,POSCAR-JVASP-11110.vasp,Ca3N2,nitride,test,-0.84926999999999997,-0.80873197317123413,0.040538026828765797,middle_60pct,last_alignn_pool,1673,256,13507,5,5.7736129680938024,4.1851799248743058,33.893197444695012,computed_ledoit_wolf_stable,3145.4176767010622,0.0006563927738960449,results/zero_shot/nitride/predictions.csv,results/embeddings/embeddings/test_set/structure_embeddings.npz
JVASP-56743,POSCAR-JVASP-56743.vasp,Li4Ca3Si2N6,nitride,test,-1.16421,-1.2224318981170654,0.0582218981170654,middle_60pct,last_alignn_pool,1674,256,13507,5,5.2017299002211201,3.1612295380406836,26.362660196819569,computed_ledoit_wolf_stable,3145.4176767010622,0.0006563927738960449,results/zero_shot/nitride/predictions.csv,results/embeddings/embeddings/test_set/structure_embeddings.npz
JVASP-33147,POSCAR-JVASP-33147.vasp,C5N4,nitride,test,0.69738999999999995,0.47633463144302368,0.22105536855697619,hard_top_20pct,last_alignn_pool,1675,256,13507,5,8.9710872218725228,4.8146886388171453,43.210504016770948,computed_ledoit_wolf_stable,3145.4176767010622,0.0006563927738960449,results/zero_shot/nitride/predictions.csv,results/embeddings/embeddings/test_set/structure_embeddings.npz
JVASP-26119,POSCAR-JVASP-26119.vasp,Mo3Pd2N,nitride,test,-0.27353,-0.2685597836971283,0.0049702163028715997,easy_bottom_20pct,last_alignn_pool,1676,256,13507,5,7.4304262240216969,5.7699783810893974,43.389414822944985,computed_ledoit_wolf_stable,3145.4176767010622,0.0006563927738960449,results/zero_shot/nitride/predictions.csv,results/embeddings/embeddings/test_set/structure_embeddings.npz
JVASP-111075,POSCAR-JVASP-111075.vasp,Cu6PdN2,nitride,test,0.14166000000000001,0.17335209250450129,0.0316920925045013,middle_60pct,last_alignn_pool,1677,256,13507,5,7.4960040244218105,4.0483761559443678,34.082346000996161,computed_ledoit_wolf_stable,3145.4176767010622,0.0006563927738960449,results/zero_shot/nitride/predictions.csv,results/embeddings/embeddings/test_set/structure_embeddings.npz
JVASP-111118,POSCAR-JVASP-111118.vasp,MnCrN2,nitride,test,-0.46383999999999997,-0.45358484983444208,0.010255150165557799,middle_60pct,last_alignn_pool,1678,256,13507,5,6.6344284522488612,4.5844403587762157,37.05991884305849,computed_ledoit_wolf_stable,3145.4176767010622,0.0006563927738960449,results/zero_shot/nitride/predictions.csv,results/embeddings/embeddings/test_set/structure_embeddings.npz
JVASP-114456,POSCAR-JVASP-114456.vasp,NF,nitride,test,1.6743399999999999,1.6336578130722046,0.040682186927795301,middle_60pct,last_alignn_pool,1679,256,13507,5,8.1410588543653493,4.0659897574706356,35.485543035601012,computed_ledoit_wolf_stable,3145.4176767010622,0.0006563927738960449,results/zero_shot/nitride/predictions.csv,results/embeddings/embeddings/test_set/structure_embeddings.npz
JVASP-111845,POSCAR-JVASP-111845.vasp,Y2GaN3,nitride,test,-1.3056300000000001,-1.3736461400985718,0.068016140098571695,middle_60pct,last_alignn_pool,1680,256,13507,5,4.8513639642601287,3.6115054085321305,28.960137059430643,computed_ledoit_wolf_stable,3145.4176767010622,0.0006563927738960449,results/zero_shot/nitride/predictions.csv,results/embeddings/embeddings/test_set/structure_embeddings.npz
JVASP-116348,POSCAR-JVASP-116348.vasp,Ti2ZnN2,nitride,test,-0.43815999999999999,-0.6150975227355957,0.17693752273559571,hard_top_20pct,last_alignn_pool,1681,256,13507,5,6.03590068848382,4.293017676309387,30.805154328776613,computed_ledoit_wolf_stable,3145.4176767010622,0.0006563927738960449,results/zero_shot/nitride/predictions.csv,results/embeddings/embeddings/test_set/structure_embeddings.npz
JVASP-112721,POSCAR-JVASP-112721.vasp,SiPbN2,nitride,test,-0.51056999999999997,-0.55401593446731567,0.043445934467315699,middle_60pct,last_alignn_pool,1682,256,13507,5,6.3519900957384872,3.7063800085353842,33.305206297720005,computed_ledoit_wolf_stable,3145.4176767010622,0.0006563927738960449,results/zero_shot/nitride/predictions.csv,results/embeddings/embeddings/test_set/structure_embeddings.npz
JVASP-112729,POSCAR-JVASP-112729.vasp,Ca5Co2N6,nitride,test,-0.77122000000000002,-0.78818434476852417,0.016964344768524101,middle_60pct,last_alignn_pool,1683,256,13507,5,5.3398884175359367,3.7611839806494225,28.378287890949107,computed_ledoit_wolf_stable,3145.4176767010622,0.0006563927738960449,results/zero_shot/nitride/predictions.csv,results/embeddings/embeddings/test_set/structure_embeddings.npz
JVASP-112737,POSCAR-JVASP-112737.vasp,Li3CN2,nitride,test,-0.57554000000000005,-0.66023319959640503,0.084693199596404894,middle_60pct,last_alignn_pool,1684,256,13507,5,6.0635965722117708,3.8886829929695805,31.603906961836195,computed_ledoit_wolf_stable,3145.4176767010622,0.0006563927738960449,results/zero_shot/nitride/predictions.csv,results/embeddings/embeddings/test_set/structure_embeddings.npz
JVASP-116579,POSCAR-JVASP-116579.vasp,Zr5Si3N,nitride,test,-1.1130800000000001,-1.044795036315918,0.068284963684082101,middle_60pct,last_alignn_pool,1685,256,13507,5,6.3882808128891684,4.4619055605652012,35.526998290869294,computed_ledoit_wolf_stable,3145.4176767010622,0.0006563927738960449,results/zero_shot/nitride/predictions.csv,results/embeddings/embeddings/test_set/structure_embeddings.npz
JVASP-116749,POSCAR-JVASP-116749.vasp,Sr3Sb3N5,nitride,test,-0.42602000000000001,-0.45844203233718872,0.032422032337188697,middle_60pct,last_alignn_pool,1686,256,13507,5,5.4274028758080375,3.8215949471478519,25.413676498134755,computed_ledoit_wolf_stable,3145.4176767010622,0.0006563927738960449,results/zero_shot/nitride/predictions.csv,results/embeddings/embeddings/test_set/structure_embeddings.npz
JVASP-115443,POSCAR-JVASP-115443.vasp,CaAuN,nitride,test,0.066350000000000006,0.14894586801528931,0.0825958680152893,middle_60pct,last_alignn_pool,1687,256,13507,5,5.9612736828795336,4.7254402241722229,36.564338051746375,computed_ledoit_wolf_stable,3145.4176767010622,0.0006563927738960449,results/zero_shot/nitride/predictions.csv,results/embeddings/embeddings/test_set/structure_embeddings.npz
JVASP-115445,POSCAR-JVASP-115445.vasp,CaAu2N2,nitride,test,0.20824000000000001,-0.043566457927226999,0.251806457927227,hard_top_20pct,last_alignn_pool,1688,256,13507,5,6.3555237916468359,5.0009018648921204,37.749907668535698,computed_ledoit_wolf_stable,3145.4176767010622,0.0006563927738960449,results/zero_shot/nitride/predictions.csv,results/embeddings/embeddings/test_set/structure_embeddings.npz
JVASP-115446,POSCAR-JVASP-115446.vasp,CaAuN,nitride,test,1.2062299999999999,1.0455145835876465,0.1607154164123534,hard_top_20pct,last_alignn_pool,1689,256,13507,5,7.004767176612944,4.8917638134356247,37.426118208398151,computed_ledoit_wolf_stable,3145.4176767010622,0.0006563927738960449,results/zero_shot/nitride/predictions.csv,results/embeddings/embeddings/test_set/structure_embeddings.npz
JVASP-116940,POSCAR-JVASP-116940.vasp,C3N2,nitride,test,0.37894,0.68946415185928345,0.31052415185928339,hard_top_20pct,last_alignn_pool,1690,256,13507,5,9.2180568807935739,5.1627768638651403,45.396017706204518,computed_ledoit_wolf_stable,3145.4176767010622,0.0006563927738960449,results/zero_shot/nitride/predictions.csv,results/embeddings/embeddings/test_set/structure_embeddings.npz
JVASP-115700,POSCAR-JVASP-115700.vasp,LiBrN,nitride,test,0.77461000000000002,0.70017725229263306,0.074432747707366895,middle_60pct,last_alignn_pool,1691,256,13507,5,6.4853113817224113,4.8606537781199108,32.06996827709294,computed_ledoit_wolf_stable,3145.4176767010622,0.0006563927738960449,results/zero_shot/nitride/predictions.csv,results/embeddings/embeddings/test_set/structure_embeddings.npz
JVASP-115758,POSCAR-JVASP-115758.vasp,ZnCN2,nitride,test,1.5591299999999999,1.6435651779174805,0.084435177917480495,middle_60pct,last_alignn_pool,1692,256,13507,5,8.180899580263894,4.6231387098533743,36.066859060797583,computed_ledoit_wolf_stable,3145.4176767010622,0.0006563927738960449,results/zero_shot/nitride/predictions.csv,results/embeddings/embeddings/test_set/structure_embeddings.npz
JVASP-113464,POSCAR-JVASP-113464.vasp,SN2,nitride,test,0.56381999999999999,0.35938408970832819,0.20443591029167171,hard_top_20pct,last_alignn_pool,1693,256,13507,5,8.5585484366963591,4.3512036589567717,35.569748313544679,computed_ledoit_wolf_stable,3145.4176767010622,0.0006563927738960449,results/zero_shot/nitride/predictions.csv,results/embeddings/embeddings/test_set/structure_embeddings.npz
JVASP-113465,POSCAR-JVASP-113465.vasp,S2N,nitride,test,0.61241000000000001,0.6187780499458313,0.0063680499458311996,easy_bottom_20pct,last_alignn_pool,1694,256,13507,5,8.2165025394309268,4.1676286160594369,35.770674684599804,computed_ledoit_wolf_stable,3145.4176767010622,0.0006563927738960449,results/zero_shot/nitride/predictions.csv,results/embeddings/embeddings/test_set/structure_embeddings.npz
JVASP-113545,POSCAR-JVASP-113545.vasp,CaGeN,nitride,test,0.89505000000000001,0.83293193578720093,0.062118064212799001,middle_60pct,last_alignn_pool,1695,256,13507,5,7.1638019670283022,5.1236774340275977,36.813807686246378,computed_ledoit_wolf_stable,3145.4176767010622,0.0006563927738960449,results/zero_shot/nitride/predictions.csv,results/embeddings/embeddings/test_set/structure_embeddings.npz
JVASP-113626,POSCAR-JVASP-113626.vasp,SrGaN,nitride,test,0.63732,0.59865158796310425,0.038668412036895701,middle_60pct,last_alignn_pool,1696,256,13507,5,6.2830900554258227,4.969268129525739,34.60326197471305,computed_ledoit_wolf_stable,3145.4176767010622,0.0006563927738960449,results/zero_shot/nitride/predictions.csv,results/embeddings/embeddings/test_set/structure_embeddings.npz
JVASP-111042,POSCAR-JVASP-111042.vasp,KCSN,nitride,test,-0.51734000000000002,-0.52022433280944824,0.0028843328094482002,easy_bottom_20pct,last_alignn_pool,1697,256,13507,5,5.6851377435143826,3.7929463702175936,26.977570693809557,computed_ledoit_wolf_stable,3145.4176767010622,0.0006563927738960449,results/zero_shot/nitride/predictions.csv,results/embeddings/embeddings/test_set/structure_embeddings.npz
JVASP-117236,POSCAR-JVASP-117236.vasp,SiNiN2,nitride,test,-0.47171000000000002,-0.51298964023590088,0.041279640235900798,middle_60pct,last_alignn_pool,1698,256,13507,5,6.2549617285031545,3.7820340803323149,29.608610508047761,computed_ledoit_wolf_stable,3145.4176767010622,0.0006563927738960449,results/zero_shot/nitride/predictions.csv,results/embeddings/embeddings/test_set/structure_embeddings.npz
JVASP-114108,POSCAR-JVASP-114108.vasp,BeGeN,nitride,test,1.2585599999999999,1.0433701276779177,0.21518987232208239,hard_top_20pct,last_alignn_pool,1699,256,13507,5,7.6194632171018588,5.1798004707215606,38.189335734088864,computed_ledoit_wolf_stable,3145.4176767010622,0.0006563927738960449,results/zero_shot/nitride/predictions.csv,results/embeddings/embeddings/test_set/structure_embeddings.npz
JVASP-119237,POSCAR-JVASP-119237.vasp,ScMoN3,nitride,test,-0.98116999999999999,-1.09247887134552,0.11130887134552001,middle_60pct,last_alignn_pool,1700,256,13507,5,5.2285475521435245,3.7167504090188679,30.779357352337421,computed_ledoit_wolf_stable,3145.4176767010622,0.0006563927738960449,results/zero_shot/nitride/predictions.csv,results/embeddings/embeddings/test_set/structure_embeddings.npz
JVASP-119241,POSCAR-JVASP-119241.vasp,Ca3Y2N4,nitride,test,-1.29593,-1.3298219442367554,0.033891944236755303,middle_60pct,last_alignn_pool,1701,256,13507,5,5.1887225801655443,3.5641515150985321,30.804653374030075,computed_ledoit_wolf_stable,3145.4176767010622,0.0006563927738960449,results/zero_shot/nitride/predictions.csv,results/embeddings/embeddings/test_set/structure_embeddings.npz
JVASP-118756,POSCAR-JVASP-118756.vasp,NaMoN,nitride,test,0.60785,0.71238380670547485,0.1045338067054748,middle_60pct,last_alignn_pool,1702,256,13507,5,7.3059252291371379,4.8234588373411551,33.703387276779267,computed_ledoit_wolf_stable,3145.4176767010622,0.0006563927738960449,results/zero_shot/nitride/predictions.csv,results/embeddings/embeddings/test_set/structure_embeddings.npz
JVASP-118845,POSCAR-JVASP-118845.vasp,Ca3AsN,nitride,test,-1.28424,-1.2663567066192627,0.017883293380737301,middle_60pct,last_alignn_pool,1703,256,13507,5,5.8198757132407533,3.6772839633400771,30.057960080896734,computed_ledoit_wolf_stable,3145.4176767010622,0.0006563927738960449,results/zero_shot/nitride/predictions.csv,results/embeddings/embeddings/test_set/structure_embeddings.npz
JVASP-115893,POSCAR-JVASP-115893.vasp,ZrNCl,nitride,test,2.04175,1.9465302228927612,0.095219777107238696,middle_60pct,last_alignn_pool,1704,256,13507,5,8.3819762389028885,5.7198405587765375,43.097687060577677,computed_ledoit_wolf_stable,3145.4176767010622,0.0006563927738960449,results/zero_shot/nitride/predictions.csv,results/embeddings/embeddings/test_set/structure_embeddings.npz
JVASP-116058,POSCAR-JVASP-116058.vasp,TiNF2,nitride,test,-1.65496,-1.8452281951904297,0.1902681951904297,hard_top_20pct,last_alignn_pool,1705,256,13507,5,3.9530295604925749,3.7516386100545374,23.741731842084217,computed_ledoit_wolf_stable,3145.4176767010622,0.0006563927738960449,results/zero_shot/nitride/predictions.csv,results/embeddings/embeddings/test_set/structure_embeddings.npz
JVASP-118900,POSCAR-JVASP-118900.vasp,LiN,nitride,test,0.78380000000000005,0.6597629189491272,0.1240370810508728,hard_top_20pct,last_alignn_pool,1706,256,13507,5,7.2692176131716977,5.124878661987184,37.059645024205977,computed_ledoit_wolf_stable,3145.4176767010622,0.0006563927738960449,results/zero_shot/nitride/predictions.csv,results/embeddings/embeddings/test_set/structure_embeddings.npz
JVASP-116155,POSCAR-JVASP-116155.vasp,MgHN,nitride,test,-0.58364000000000005,-0.50038409233093262,0.083255907669067403,middle_60pct,last_alignn_pool,1707,256,13507,5,5.6171025900257989,3.7747998652393151,29.029306157020553,computed_ledoit_wolf_stable,3145.4176767010622,0.0006563927738960449,results/zero_shot/nitride/predictions.csv,results/embeddings/embeddings/test_set/structure_embeddings.npz
JVASP-118027,POSCAR-JVASP-118027.vasp,HNCl2,nitride,test,0.73087999999999997,0.8224560022354126,0.091576002235412596,middle_60pct,last_alignn_pool,1708,256,13507,5,7.0290271051557154,4.0429068797230787,28.894160839695768,computed_ledoit_wolf_stable,3145.4176767010622,0.0006563927738960449,results/zero_shot/nitride/predictions.csv,results/embeddings/embeddings/test_set/structure_embeddings.npz
JVASP-116440,POSCAR-JVASP-116440.vasp,AsN,nitride,test,0.12855,0.37681940197944641,0.24826940197944641,hard_top_20pct,last_alignn_pool,1709,256,13507,5,8.0855544527247538,4.461053302814797,35.747946379890756,computed_ledoit_wolf_stable,3145.4176767010622,0.0006563927738960449,results/zero_shot/nitride/predictions.csv,results/embeddings/embeddings/test_set/structure_embeddings.npz
JVASP-119428,POSCAR-JVASP-119428.vasp,Zn2IN,nitride,test,-0.31148999999999999,-0.1464299261569976,0.16506007384300231,hard_top_20pct,last_alignn_pool,1710,256,13507,5,6.0843515882018906,4.1774346989111901,30.364723505525603,computed_ledoit_wolf_stable,3145.4176767010622,0.0006563927738960449,results/zero_shot/nitride/predictions.csv,results/embeddings/embeddings/test_set/structure_embeddings.npz
JVASP-119516,POSCAR-JVASP-119516.vasp,Bi4Te3N2,nitride,test,0.20296,0.15753564238548279,0.0454243576145172,middle_60pct,last_alignn_pool,1711,256,13507,5,6.3915248168766432,3.8419351389884078,27.848830527256514,computed_ledoit_wolf_stable,3145.4176767010622,0.0006563927738960449,results/zero_shot/nitride/predictions.csv,results/embeddings/embeddings/test_set/structure_embeddings.npz
JVASP-119636,POSCAR-JVASP-119636.vasp,Rb2MnFeC6N6,nitride,test,-0.22853999999999999,-0.18704430758953089,0.041495692410469,middle_60pct,last_alignn_pool,1712,256,13507,5,6.9461597952096703,4.3113185650116614,39.795805739148527,computed_ledoit_wolf_stable,3145.4176767010622,0.0006563927738960449,results/zero_shot/nitride/predictions.csv,results/embeddings/embeddings/test_set/structure_embeddings.npz
JVASP-120019,POSCAR-JVASP-120019.vasp,H4BrN,nitride,test,0.65942999999999996,0.61308306455612183,0.0463469354438781,middle_60pct,last_alignn_pool,1713,256,13507,5,6.8507618075575758,3.830477861044161,31.447716548868669,computed_ledoit_wolf_stable,3145.4176767010622,0.0006563927738960449,results/zero_shot/nitride/predictions.csv,results/embeddings/embeddings/test_set/structure_embeddings.npz
JVASP-118257,POSCAR-JVASP-118257.vasp,InNF,nitride,test,0.80927000000000004,0.54043322801589966,0.26883677198410039,hard_top_20pct,last_alignn_pool,1714,256,13507,5,6.2254629104719283,4.636715566994134,31.835102495033912,computed_ledoit_wolf_stable,3145.4176767010622,0.0006563927738960449,results/zero_shot/nitride/predictions.csv,results/embeddings/embeddings/test_set/structure_embeddings.npz
JVASP-120558,POSCAR-JVASP-120558.vasp,ZnAgN,nitride,test,0.30942999999999998,0.29172968864440918,0.0177003113555908,middle_60pct,last_alignn_pool,1715,256,13507,5,7.0943368313463662,4.4224206417120673,32.001972065540798,computed_ledoit_wolf_stable,3145.4176767010622,0.0006563927738960449,results/zero_shot/nitride/predictions.csv,results/embeddings/embeddings/test_set/structure_embeddings.npz
JVASP-118908,POSCAR-JVASP-118908.vasp,Mg2N,nitride,test,0.76636000000000004,0.59856128692626953,0.16779871307373051,hard_top_20pct,last_alignn_pool,1716,256,13507,5,7.3234015990879762,5.2095398984925634,38.824786473597236,computed_ledoit_wolf_stable,3145.4176767010622,0.0006563927738960449,results/zero_shot/nitride/predictions.csv,results/embeddings/embeddings/test_set/structure_embeddings.npz
JVASP-118912,POSCAR-JVASP-118912.vasp,MgN,nitride,test,0.11210000000000001,0.093426741659641196,0.018673258340358701,middle_60pct,last_alignn_pool,1717,256,13507,5,6.2853216396921736,4.650317396221979,35.275071736343484,computed_ledoit_wolf_stable,3145.4176767010622,0.0006563927738960449,results/zero_shot/nitride/predictions.csv,results/embeddings/embeddings/test_set/structure_embeddings.npz
JVASP-118920,POSCAR-JVASP-118920.vasp,Mg2N,nitride,test,-0.092700000000000005,-0.041559316217899302,0.051140683782100599,middle_60pct,last_alignn_pool,1718,256,13507,5,6.329538782149827,4.725371530074205,33.68730503530896,computed_ledoit_wolf_stable,3145.4176767010622,0.0006563927738960449,results/zero_shot/nitride/predictions.csv,results/embeddings/embeddings/test_set/structure_embeddings.npz
JVASP-118927,POSCAR-JVASP-118927.vasp,MgN2,nitride,test,-0.099779999999999994,-0.036224350333213799,0.063555649666786104,middle_60pct,last_alignn_pool,1719,256,13507,5,6.5451867971230202,4.2903435194762709,37.050503469997118,computed_ledoit_wolf_stable,3145.4176767010622,0.0006563927738960449,results/zero_shot/nitride/predictions.csv,results/embeddings/embeddings/test_set/structure_embeddings.npz
JVASP-119905,POSCAR-JVASP-119905.vasp,BaBN2,nitride,test,0.53720000000000001,0.25298589468002319,0.28421410531997682,hard_top_20pct,last_alignn_pool,1720,256,13507,5,6.3367384352652643,4.4063189045554054,33.283655260954966,computed_ledoit_wolf_stable,3145.4176767010622,0.0006563927738960449,results/zero_shot/nitride/predictions.csv,results/embeddings/embeddings/test_set/structure_embeddings.npz
JVASP-117938,POSCAR-JVASP-117938.vasp,ZnCN2,nitride,test,1.12626,1.152860164642334,0.0266001646423339,middle_60pct,last_alignn_pool,1721,256,13507,5,7.9209215212107864,4.3632531395545406,34.020342465732966,computed_ledoit_wolf_stable,3145.4176767010622,0.0006563927738960449,results/zero_shot/nitride/predictions.csv,results/embeddings/embeddings/test_set/structure_embeddings.npz
JVASP-117986,POSCAR-JVASP-117986.vasp,CaPN2,nitride,test,-0.35185,-0.3955660462379455,0.043716046237945498,middle_60pct,last_alignn_pool,1722,256,13507,5,5.6393286540013916,3.9771924345660929,31.701440990088912,computed_ledoit_wolf_stable,3145.4176767010622,0.0006563927738960449,results/zero_shot/nitride/predictions.csv,results/embeddings/embeddings/test_set/structure_embeddings.npz
JVASP-120925,POSCAR-JVASP-120925.vasp,CdCN2,nitride,test,1.4098900000000001,1.3762356042861938,0.033654395713806198,middle_60pct,last_alignn_pool,1723,256,13507,5,8.4067846584355568,4.4525098726480108,36.40982668794215,computed_ledoit_wolf_stable,3145.4176767010622,0.0006563927738960449,results/zero_shot/nitride/predictions.csv,results/embeddings/embeddings/test_set/structure_embeddings.npz
JVASP-121242,POSCAR-JVASP-121242.vasp,SrSiN2,nitride,test,-0.25401000000000001,-0.25213804841041559,0.0018719515895843,easy_bottom_20pct,last_alignn_pool,1724,256,13507,5,6.1014035326726024,4.2071456859432255,31.825386224371517,computed_ledoit_wolf_stable,3145.4176767010622,0.0006563927738960449,results/zero_shot/nitride/predictions.csv,results/embeddings/embeddings/test_set/structure_embeddings.npz
JVASP-120832,POSCAR-JVASP-120832.vasp,BHN,nitride,test,1.1460699999999999,0.49876642227172852,0.64730357772827141,hard_top_20pct,last_alignn_pool,1725,256,13507,5,6.7444894726028082,3.9738225903998718,29.253154533781657,computed_ledoit_wolf_stable,3145.4176767010622,0.0006563927738960449,results/zero_shot/nitride/predictions.csv,results/embeddings/embeddings/test_set/structure_embeddings.npz
